unit,tra_meas,airp_pr\time	2017Q2 	2017Q1 	2017M07 	2017M06 	2017M05 	2017M04 	2017M03 	2017M02 	2017M01 	2016Q4 	2016Q3 	2016Q2 	2016Q1 	2016M12 	2016M11 	2016M10 	2016M09 	2016M08 	2016M07 	2016M06 	2016M05 	2016M04 	2016M03 	2016M02 	2016M01 	2016 	2015Q4 	2015Q3 	2015Q2 	2015Q1 	2015M12 	2015M11 	2015M10 	2015M09 	2015M08 	2015M07 	2015M06 	2015M05 	2015M04 	2015M03 	2015M02 	2015M01 	2015 
FLIGHT,CAF_PAS,MK_LWSK_AE_OMDB	: 	: 	: 	: 	: 	: 	: 	: 	: 	52 	52 	52 	50 	18 	16 	18 	18 	18 	16 	18 	18 	16 	18 	18 	14 	206 	54 	72 	66 	54 	18 	18 	18 	18 	28 	26 	26 	22 	18 	18 	16 	20 	246 
FLIGHT,CAF_PAS,MK_LWSK_AT_LOWW	295 	250 	115 	106 	98 	91 	92 	68 	90 	288 	315 	290 	265 	94 	92 	102 	103 	106 	106 	100 	97 	93 	93 	83 	89 	1158 	273 	313 	302 	283 	82 	89 	102 	101 	106 	106 	96 	104 	102 	98 	88 	97 	1171 
FLIGHT,CAF_PAS,MK_LWSK_BE_EBCI	52 	52 	20 	18 	18 	16 	18 	16 	18 	52 	52 	52 	51 	16 	16 	20 	16 	18 	18 	16 	18 	18 	16 	18 	17 	207 	48 	52 	52 	50 	12 	18 	18 	16 	18 	18 	18 	18 	16 	18 	16 	16 	202 
FLIGHT,CAF_PAS,MK_LWSK_CH_LSZH	240 	218 	100 	70 	80 	90 	76 	60 	82 	246 	321 	230 	243 	82 	76 	88 	86 	117 	118 	72 	80 	78 	78 	76 	89 	1040 	296 	322 	242 	164 	114 	82 	100 	100 	114 	108 	76 	88 	78 	54 	48 	62 	1024 
FLIGHT,CAF_PAS,MK_LWSK_DE_EDDB	78 	50 	26 	26 	26 	26 	18 	16 	16 	54 	52 	52 	6 	18 	16 	20 	16 	18 	18 	16 	18 	18 	6 	: 	: 	164 	: 	: 	: 	: 	: 	: 	: 	: 	: 	: 	: 	: 	: 	: 	: 	: 	: 
FLIGHT,CAF_PAS,MK_LWSK_DE_EDDH	52 	50 	18 	16 	18 	18 	16 	16 	18 	47 	54 	42 	: 	14 	17 	16 	18 	18 	18 	16 	18 	8 	: 	: 	: 	143 	: 	: 	: 	: 	: 	: 	: 	: 	: 	: 	: 	: 	: 	: 	: 	: 	: 
FLIGHT,CAF_PAS,MK_LWSK_DE_EDDK	77 	56 	26 	26 	26 	25 	18 	16 	22 	77 	80 	79 	58 	28 	25 	24 	26 	28 	26 	26 	26 	27 	22 	16 	20 	294 	63 	78 	54 	53 	21 	16 	26 	26 	26 	26 	18 	18 	18 	19 	16 	18 	248 
FLIGHT,CAF_PAS,MK_LWSK_DE_EDDN	: 	: 	: 	: 	: 	: 	: 	: 	: 	52 	52 	52 	52 	18 	16 	18 	18 	16 	18 	18 	18 	16 	18 	16 	18 	208 	: 	: 	: 	: 	: 	: 	: 	: 	: 	: 	: 	: 	: 	: 	: 	: 	: 
FLIGHT,CAF_PAS,MK_LWSK_DE_EDFH	78 	54 	26 	26 	26 	26 	18 	16 	20 	58 	74 	56 	58 	22 	16 	20 	22 	26 	26 	20 	18 	18 	22 	16 	20 	246 	51 	74 	52 	50 	17 	16 	18 	22 	26 	26 	18 	18 	16 	18 	16 	16 	227 
FLIGHT,CAF_PAS,MK_LWSK_DE_EDJA	52 	71 	22 	18 	16 	18 	20 	24 	27 	79 	78 	78 	78 	27 	26 	26 	26 	26 	26 	26 	26 	26 	28 	24 	26 	313 	79 	78 	78 	78 	27 	24 	28 	26 	26 	26 	26 	26 	26 	26 	24 	28 	313 
FLIGHT,CAF_PAS,MK_LWSK_DE_EDLW	78 	76 	26 	26 	26 	26 	26 	24 	26 	75 	80 	78 	78 	24 	25 	26 	26 	28 	26 	26 	26 	26 	28 	24 	26 	311 	76 	78 	78 	76 	24 	24 	28 	26 	26 	26 	26 	26 	26 	26 	24 	26 	308 
FLIGHT,CAF_PAS,MK_LWSK_DE_EDNY	52 	50 	20 	16 	18 	18 	17 	15 	18 	50 	52 	52 	53 	14 	18 	18 	16 	18 	18 	18 	18 	16 	18 	18 	17 	207 	: 	: 	: 	: 	: 	: 	: 	: 	: 	: 	: 	: 	: 	: 	: 	: 	: 
FLIGHT,CAF_PAS,MK_LWSK_DK_EKCH	52 	52 	22 	18 	18 	16 	18 	16 	18 	47 	52 	53 	6 	14 	17 	16 	16 	18 	18 	19 	18 	16 	6 	: 	: 	158 	: 	: 	: 	: 	: 	: 	: 	: 	: 	: 	: 	: 	: 	: 	: 	: 	: 
FLIGHT,CAF_PAS,MK_LWSK_ES_LEBL	: 	: 	: 	: 	: 	: 	: 	: 	: 	49 	54 	52 	52 	14 	17 	18 	18 	18 	18 	16 	18 	18 	18 	16 	18 	207 	: 	: 	: 	: 	: 	: 	: 	: 	: 	: 	: 	: 	: 	: 	: 	: 	: 
FLIGHT,CAF_PAS,MK_LWSK_FR_LFOB	: 	: 	: 	: 	: 	: 	: 	: 	: 	50 	54 	52 	52 	14 	18 	18 	18 	18 	18 	16 	18 	18 	18 	16 	18 	208 	51 	74 	52 	52 	17 	16 	18 	22 	26 	26 	18 	18 	16 	18 	16 	18 	229 
FLIGHT,CAF_PAS,MK_LWSK_FR_LFSB	129 	134 	56 	42 	44 	43 	44 	37 	53 	133 	147 	131 	114 	44 	45 	44 	42 	48 	57 	44 	45 	42 	40 	34 	40 	525 	125 	130 	130 	107 	37 	44 	44 	42 	44 	44 	42 	44 	44 	38 	32 	37 	492 
FLIGHT,CAF_PAS,MK_LWSK_HR_LDZA	207 	172 	71 	69 	72 	66 	65 	48 	59 	186 	209 	208 	172 	57 	59 	70 	69 	70 	70 	68 	72 	68 	63 	53 	56 	775 	177 	210 	205 	182 	52 	61 	64 	68 	71 	71 	68 	70 	67 	64 	56 	62 	774 
FLIGHT,CAF_PAS,MK_LWSK_IT_LIME	: 	: 	: 	: 	: 	: 	: 	: 	: 	50 	50 	52 	54 	14 	18 	18 	16 	18 	16 	16 	18 	18 	18 	16 	20 	206 	56 	74 	52 	52 	22 	16 	18 	22 	26 	26 	18 	18 	16 	18 	16 	18 	234 
FLIGHT,CAF_PAS,MK_LWSK_IT_LIPH	: 	: 	: 	: 	: 	: 	: 	: 	: 	52 	54 	52 	50 	18 	18 	16 	18 	18 	18 	16 	18 	18 	16 	16 	18 	208 	52 	54 	52 	52 	18 	18 	16 	18 	18 	18 	16 	18 	18 	18 	16 	18 	210 
FLIGHT,CAF_PAS,MK_LWSK_IT_LIRF	: 	: 	: 	: 	: 	: 	: 	: 	: 	126 	181 	182 	154 	: 	61 	65 	58 	63 	60 	59 	63 	60 	54 	50 	50 	643 	157 	183 	182 	147 	50 	49 	58 	61 	62 	60 	61 	62 	59 	54 	42 	51 	669 
FLIGHT,CAF_PAS,MK_LWSK_NL_EHEH	: 	: 	: 	: 	: 	: 	: 	: 	: 	49 	52 	44 	52 	16 	15 	18 	18 	16 	18 	10 	18 	16 	18 	16 	18 	197 	50 	54 	52 	51 	16 	18 	16 	18 	18 	18 	16 	18 	18 	18 	16 	17 	207 
FLIGHT,CAF_PAS,MK_LWSK_NO_ENTO	: 	: 	: 	: 	: 	: 	: 	: 	: 	52 	54 	52 	50 	18 	18 	16 	18 	18 	18 	16 	18 	18 	16 	18 	16 	208 	: 	: 	: 	: 	: 	: 	: 	: 	: 	: 	: 	: 	: 	: 	: 	: 	: 
FLIGHT,CAF_PAS,MK_LWSK_RS_LYBE	221 	174 	124 	99 	62 	60 	58 	54 	62 	184 	341 	218 	158 	62 	59 	63 	95 	122 	124 	96 	62 	60 	62 	46 	50 	901 	178 	333 	215 	176 	58 	57 	63 	85 	124 	124 	93 	62 	60 	60 	57 	59 	902 
FLIGHT,CAF_PAS,MK_LWSK_SE_ESGG	78 	76 	32 	26 	26 	26 	26 	24 	26 	80 	78 	78 	58 	28 	26 	26 	26 	26 	26 	26 	26 	26 	20 	16 	22 	294 	84 	106 	78 	60 	26 	26 	32 	34 	36 	36 	26 	26 	26 	22 	16 	22 	328 
FLIGHT,CAF_PAS,MK_LWSK_SE_ESKN	: 	: 	: 	: 	: 	: 	: 	: 	: 	50 	52 	52 	52 	16 	16 	18 	16 	18 	18 	18 	18 	16 	18 	18 	16 	206 	50 	52 	52 	52 	14 	18 	18 	16 	18 	18 	18 	18 	16 	18 	16 	18 	206 
FLIGHT,CAF_PAS,MK_LWSK_SE_ESMS	129 	105 	56 	42 	44 	43 	35 	32 	38 	128 	130 	130 	118 	42 	42 	44 	44 	44 	42 	44 	44 	42 	40 	34 	44 	506 	153 	184 	132 	106 	42 	51 	60 	60 	62 	62 	44 	44 	44 	40 	31 	35 	575 
FLIGHT,CAF_PAS,MK_LWSK_SI_LJLJ	324 	187 	116 	111 	111 	102 	71 	54 	62 	181 	198 	186 	179 	58 	61 	62 	65 	71 	62 	60 	66 	60 	62 	58 	59 	744 	179 	184 	182 	179 	58 	60 	61 	60 	62 	62 	60 	62 	60 	62 	57 	60 	724 
FLIGHT,CAF_PAS,MK_LWSK_SK_LZIB	179 	182 	70 	63 	62 	54 	66 	54 	62 	180 	186 	182 	44 	58 	60 	62 	62 	64 	60 	60 	60 	62 	44 	: 	: 	592 	: 	: 	: 	: 	: 	: 	: 	: 	: 	: 	: 	: 	: 	: 	: 	: 	: 
FLIGHT,CAF_PAS,MK_LWSK_TR_LTAI	: 	: 	: 	: 	: 	: 	: 	: 	: 	: 	137 	29 	: 	: 	: 	: 	36 	53 	48 	24 	5 	: 	: 	: 	: 	166 	: 	116 	33 	: 	: 	: 	: 	4 	60 	52 	33 	: 	: 	: 	: 	: 	149 
FLIGHT,CAF_PAS,MK_LWSK_TR_LTBA	364 	333 	124 	120 	124 	120 	123 	106 	104 	364 	363 	361 	322 	122 	118 	124 	120 	124 	119 	118 	124 	119 	122 	110 	90 	1410 	330 	368 	358 	338 	98 	112 	120 	120 	124 	124 	116 	124 	118 	125 	99 	114 	1394 
FLIGHT,CAF_PAS,MK_LWSK_TR_LTFJ	132 	124 	44 	46 	44 	42 	46 	36 	42 	130 	135 	130 	106 	46 	40 	44 	47 	44 	44 	42 	46 	42 	38 	32 	36 	501 	100 	144 	131 	80 	34 	26 	40 	46 	50 	48 	47 	44 	40 	28 	25 	27 	455 
FLIGHT,CAF_PAS,MK_LWSK_UK_EGGW	130 	84 	44 	42 	44 	44 	30 	24 	30 	107 	126 	108 	109 	38 	31 	38 	38 	44 	44 	38 	36 	34 	39 	32 	38 	450 	108 	132 	130 	96 	33 	33 	42 	44 	44 	44 	42 	44 	44 	36 	30 	30 	466 
FLIGHT,CAF_PAS_ARR,MK_LWSK_AE_OMDB	: 	: 	: 	: 	: 	: 	: 	: 	: 	26 	26 	26 	25 	9 	8 	9 	9 	9 	8 	9 	9 	8 	9 	9 	7 	103 	27 	36 	33 	27 	9 	9 	9 	9 	14 	13 	13 	11 	9 	9 	8 	10 	123 
FLIGHT,CAF_PAS_ARR,MK_LWSK_AT_LOWW	148 	126 	57 	53 	49 	46 	46 	35 	45 	144 	157 	145 	133 	47 	46 	51 	51 	53 	53 	50 	49 	46 	47 	41 	45 	579 	136 	157 	151 	142 	41 	44 	51 	51 	53 	53 	48 	52 	51 	49 	44 	49 	586 
FLIGHT,CAF_PAS_ARR,MK_LWSK_BE_EBCI	26 	26 	10 	9 	9 	8 	9 	8 	9 	26 	26 	26 	25 	8 	8 	10 	8 	9 	9 	8 	9 	9 	8 	9 	8 	103 	23 	26 	26 	25 	5 	9 	9 	8 	9 	9 	9 	9 	8 	9 	8 	8 	100 
FLIGHT,CAF_PAS_ARR,MK_LWSK_CH_LSZH	120 	109 	51 	35 	40 	45 	38 	30 	41 	123 	161 	115 	121 	41 	38 	44 	43 	57 	61 	36 	40 	39 	39 	38 	44 	520 	147 	162 	121 	82 	56 	41 	50 	50 	58 	54 	38 	44 	39 	27 	24 	31 	512 
FLIGHT,CAF_PAS_ARR,MK_LWSK_DE_EDDB	39 	25 	13 	13 	13 	13 	9 	8 	8 	27 	26 	26 	3 	9 	8 	10 	8 	9 	9 	8 	9 	9 	3 	: 	: 	82 	: 	: 	: 	: 	: 	: 	: 	: 	: 	: 	: 	: 	: 	: 	: 	: 	: 
FLIGHT,CAF_PAS_ARR,MK_LWSK_DE_EDDH	26 	25 	9 	8 	9 	9 	8 	8 	9 	23 	27 	21 	: 	7 	8 	8 	9 	9 	9 	8 	9 	4 	: 	: 	: 	71 	: 	: 	: 	: 	: 	: 	: 	: 	: 	: 	: 	: 	: 	: 	: 	: 	: 
FLIGHT,CAF_PAS_ARR,MK_LWSK_DE_EDDK	38 	28 	13 	13 	13 	12 	9 	8 	11 	39 	40 	40 	29 	14 	13 	12 	13 	14 	13 	13 	13 	14 	11 	8 	10 	148 	32 	39 	27 	26 	11 	8 	13 	13 	13 	13 	9 	9 	9 	9 	8 	9 	124 
FLIGHT,CAF_PAS_ARR,MK_LWSK_DE_EDDN	: 	: 	: 	: 	: 	: 	: 	: 	: 	26 	26 	26 	26 	9 	8 	9 	9 	8 	9 	9 	9 	8 	9 	8 	9 	104 	: 	: 	: 	: 	: 	: 	: 	: 	: 	: 	: 	: 	: 	: 	: 	: 	: 
FLIGHT,CAF_PAS_ARR,MK_LWSK_DE_EDFH	39 	27 	13 	13 	13 	13 	9 	8 	10 	29 	37 	28 	29 	11 	8 	10 	11 	13 	13 	10 	9 	9 	11 	8 	10 	123 	26 	37 	26 	25 	9 	8 	9 	11 	13 	13 	9 	9 	8 	9 	8 	8 	114 
FLIGHT,CAF_PAS_ARR,MK_LWSK_DE_EDJA	26 	36 	11 	9 	8 	9 	10 	12 	14 	39 	39 	39 	39 	13 	13 	13 	13 	13 	13 	13 	13 	13 	14 	12 	13 	156 	39 	39 	39 	39 	13 	12 	14 	13 	13 	13 	13 	13 	13 	13 	12 	14 	156 
FLIGHT,CAF_PAS_ARR,MK_LWSK_DE_EDLW	39 	38 	13 	13 	13 	13 	13 	12 	13 	38 	40 	39 	39 	12 	13 	13 	13 	14 	13 	13 	13 	13 	14 	12 	13 	156 	39 	39 	39 	38 	13 	12 	14 	13 	13 	13 	13 	13 	13 	13 	12 	13 	155 
FLIGHT,CAF_PAS_ARR,MK_LWSK_DE_EDNY	26 	25 	10 	8 	9 	9 	8 	8 	9 	25 	26 	26 	26 	7 	9 	9 	8 	9 	9 	9 	9 	8 	9 	9 	8 	103 	: 	: 	: 	: 	: 	: 	: 	: 	: 	: 	: 	: 	: 	: 	: 	: 	: 
FLIGHT,CAF_PAS_ARR,MK_LWSK_DK_EKCH	26 	26 	11 	9 	9 	8 	9 	8 	9 	23 	26 	26 	3 	7 	8 	8 	8 	9 	9 	9 	9 	8 	3 	: 	: 	78 	: 	: 	: 	: 	: 	: 	: 	: 	: 	: 	: 	: 	: 	: 	: 	: 	: 
FLIGHT,CAF_PAS_ARR,MK_LWSK_ES_LEBL	: 	: 	: 	: 	: 	: 	: 	: 	: 	25 	27 	26 	26 	7 	9 	9 	9 	9 	9 	8 	9 	9 	9 	8 	9 	104 	: 	: 	: 	: 	: 	: 	: 	: 	: 	: 	: 	: 	: 	: 	: 	: 	: 
FLIGHT,CAF_PAS_ARR,MK_LWSK_FR_LFOB	: 	: 	: 	: 	: 	: 	: 	: 	: 	25 	27 	26 	26 	7 	9 	9 	9 	9 	9 	8 	9 	9 	9 	8 	9 	104 	26 	37 	26 	26 	9 	8 	9 	11 	13 	13 	9 	9 	8 	9 	8 	9 	115 
FLIGHT,CAF_PAS_ARR,MK_LWSK_FR_LFSB	64 	67 	28 	21 	22 	21 	22 	18 	27 	67 	73 	66 	58 	22 	23 	22 	21 	24 	28 	22 	23 	21 	20 	17 	21 	264 	62 	65 	65 	53 	18 	22 	22 	21 	22 	22 	21 	22 	22 	19 	16 	18 	245 
FLIGHT,CAF_PAS_ARR,MK_LWSK_HR_LDZA	104 	86 	36 	34 	36 	34 	32 	24 	30 	93 	104 	104 	86 	28 	30 	35 	34 	35 	35 	34 	36 	34 	32 	26 	28 	387 	88 	105 	103 	92 	26 	30 	32 	34 	36 	35 	34 	35 	34 	32 	28 	32 	388 
FLIGHT,CAF_PAS_ARR,MK_LWSK_IT_LIME	: 	: 	: 	: 	: 	: 	: 	: 	: 	25 	25 	26 	27 	7 	9 	9 	8 	9 	8 	8 	9 	9 	9 	8 	10 	103 	28 	37 	26 	26 	11 	8 	9 	11 	13 	13 	9 	9 	8 	9 	8 	9 	117 
FLIGHT,CAF_PAS_ARR,MK_LWSK_IT_LIPH	: 	: 	: 	: 	: 	: 	: 	: 	: 	26 	27 	26 	25 	9 	9 	8 	9 	9 	9 	8 	9 	9 	8 	8 	9 	104 	26 	27 	26 	26 	9 	9 	8 	9 	9 	9 	8 	9 	9 	9 	8 	9 	105 
FLIGHT,CAF_PAS_ARR,MK_LWSK_IT_LIRF	: 	: 	: 	: 	: 	: 	: 	: 	: 	63 	90 	91 	77 	: 	30 	33 	29 	31 	30 	30 	31 	30 	27 	25 	25 	321 	79 	91 	91 	74 	25 	25 	29 	30 	31 	30 	30 	31 	30 	27 	21 	26 	335 
FLIGHT,CAF_PAS_ARR,MK_LWSK_NL_EHEH	: 	: 	: 	: 	: 	: 	: 	: 	: 	24 	26 	22 	26 	8 	7 	9 	9 	8 	9 	5 	9 	8 	9 	8 	9 	98 	26 	27 	26 	26 	9 	9 	8 	9 	9 	9 	8 	9 	9 	9 	8 	9 	105 
FLIGHT,CAF_PAS_ARR,MK_LWSK_NO_ENTO	: 	: 	: 	: 	: 	: 	: 	: 	: 	26 	27 	26 	25 	9 	9 	8 	9 	9 	9 	8 	9 	9 	8 	9 	8 	104 	: 	: 	: 	: 	: 	: 	: 	: 	: 	: 	: 	: 	: 	: 	: 	: 	: 
FLIGHT,CAF_PAS_ARR,MK_LWSK_RS_LYBE	111 	87 	62 	50 	31 	30 	29 	27 	31 	92 	170 	110 	79 	31 	29 	32 	47 	61 	62 	49 	31 	30 	31 	23 	25 	451 	89 	166 	108 	89 	29 	28 	32 	42 	62 	62 	47 	31 	30 	30 	29 	30 	452 
FLIGHT,CAF_PAS_ARR,MK_LWSK_SE_ESGG	39 	38 	16 	13 	13 	13 	13 	12 	13 	40 	39 	39 	29 	14 	13 	13 	13 	13 	13 	13 	13 	13 	10 	8 	11 	147 	42 	53 	39 	30 	13 	13 	16 	17 	18 	18 	13 	13 	13 	11 	8 	11 	164 
FLIGHT,CAF_PAS_ARR,MK_LWSK_SE_ESKN	: 	: 	: 	: 	: 	: 	: 	: 	: 	25 	26 	26 	26 	8 	8 	9 	8 	9 	9 	9 	9 	8 	9 	9 	8 	103 	25 	26 	26 	26 	7 	9 	9 	8 	9 	9 	9 	9 	8 	9 	8 	9 	103 
FLIGHT,CAF_PAS_ARR,MK_LWSK_SE_ESMS	65 	53 	28 	21 	22 	22 	18 	16 	19 	64 	65 	65 	59 	21 	21 	22 	22 	22 	21 	22 	22 	21 	20 	17 	22 	253 	75 	92 	66 	52 	20 	25 	30 	30 	31 	31 	22 	22 	22 	20 	15 	17 	285 
FLIGHT,CAF_PAS_ARR,MK_LWSK_SI_LJLJ	162 	94 	58 	56 	55 	51 	36 	27 	31 	90 	99 	93 	89 	29 	30 	31 	32 	36 	31 	30 	33 	30 	31 	29 	29 	371 	90 	92 	91 	89 	29 	30 	31 	30 	31 	31 	30 	31 	30 	31 	28 	30 	362 
FLIGHT,CAF_PAS_ARR,MK_LWSK_SK_LZIB	90 	91 	35 	32 	31 	27 	33 	27 	31 	91 	93 	92 	44 	30 	30 	31 	31 	32 	30 	30 	31 	31 	44 	: 	: 	320 	: 	: 	: 	: 	: 	: 	: 	: 	: 	: 	: 	: 	: 	: 	: 	: 	: 
FLIGHT,CAF_PAS_ARR,MK_LWSK_TR_LTAI	: 	: 	: 	: 	: 	: 	: 	: 	: 	: 	68 	14 	: 	: 	: 	: 	17 	27 	24 	12 	2 	: 	: 	: 	: 	82 	: 	58 	16 	: 	: 	: 	: 	2 	30 	26 	16 	: 	: 	: 	: 	: 	74 
FLIGHT,CAF_PAS_ARR,MK_LWSK_TR_LTBA	182 	167 	62 	60 	62 	60 	62 	53 	52 	182 	182 	181 	159 	61 	59 	62 	60 	62 	60 	59 	62 	60 	61 	55 	43 	704 	165 	184 	179 	169 	49 	56 	60 	60 	62 	62 	58 	62 	59 	63 	49 	57 	697 
FLIGHT,CAF_PAS_ARR,MK_LWSK_TR_LTFJ	67 	63 	22 	24 	22 	21 	23 	18 	22 	65 	66 	65 	53 	23 	20 	22 	22 	22 	22 	21 	23 	21 	19 	16 	18 	249 	50 	75 	66 	40 	17 	13 	20 	23 	28 	24 	24 	22 	20 	14 	13 	13 	231 
FLIGHT,CAF_PAS_ARR,MK_LWSK_UK_EGGW	65 	42 	22 	21 	22 	22 	15 	12 	15 	52 	63 	54 	54 	19 	14 	19 	19 	22 	22 	19 	18 	17 	19 	16 	19 	223 	53 	66 	65 	48 	16 	16 	21 	22 	22 	22 	21 	22 	22 	18 	15 	15 	232 
FLIGHT,CAF_PAS_DEP,MK_LWSK_AE_OMDB	: 	: 	: 	: 	: 	: 	: 	: 	: 	26 	26 	26 	25 	9 	8 	9 	9 	9 	8 	9 	9 	8 	9 	9 	7 	103 	27 	36 	33 	27 	9 	9 	9 	9 	14 	13 	13 	11 	9 	9 	8 	10 	123 
FLIGHT,CAF_PAS_DEP,MK_LWSK_AT_LOWW	147 	124 	58 	53 	49 	45 	46 	33 	45 	144 	158 	145 	132 	47 	46 	51 	52 	53 	53 	50 	48 	47 	46 	42 	44 	579 	137 	156 	151 	141 	41 	45 	51 	50 	53 	53 	48 	52 	51 	49 	44 	48 	585 
FLIGHT,CAF_PAS_DEP,MK_LWSK_BE_EBCI	26 	26 	10 	9 	9 	8 	9 	8 	9 	26 	26 	26 	26 	8 	8 	10 	8 	9 	9 	8 	9 	9 	8 	9 	9 	104 	25 	26 	26 	25 	7 	9 	9 	8 	9 	9 	9 	9 	8 	9 	8 	8 	102 
FLIGHT,CAF_PAS_DEP,MK_LWSK_CH_LSZH	120 	109 	49 	35 	40 	45 	38 	30 	41 	123 	160 	115 	122 	41 	38 	44 	43 	60 	57 	36 	40 	39 	39 	38 	45 	520 	149 	160 	121 	82 	58 	41 	50 	50 	56 	54 	38 	44 	39 	27 	24 	31 	512 
FLIGHT,CAF_PAS_DEP,MK_LWSK_DE_EDDB	39 	25 	13 	13 	13 	13 	9 	8 	8 	27 	26 	26 	3 	9 	8 	10 	8 	9 	9 	8 	9 	9 	3 	: 	: 	82 	: 	: 	: 	: 	: 	: 	: 	: 	: 	: 	: 	: 	: 	: 	: 	: 	: 
FLIGHT,CAF_PAS_DEP,MK_LWSK_DE_EDDH	26 	25 	9 	8 	9 	9 	8 	8 	9 	24 	27 	21 	: 	7 	9 	8 	9 	9 	9 	8 	9 	4 	: 	: 	: 	72 	: 	: 	: 	: 	: 	: 	: 	: 	: 	: 	: 	: 	: 	: 	: 	: 	: 
FLIGHT,CAF_PAS_DEP,MK_LWSK_DE_EDDK	39 	28 	13 	13 	13 	13 	9 	8 	11 	38 	40 	39 	29 	14 	12 	12 	13 	14 	13 	13 	13 	13 	11 	8 	10 	146 	31 	39 	27 	27 	10 	8 	13 	13 	13 	13 	9 	9 	9 	10 	8 	9 	124 
FLIGHT,CAF_PAS_DEP,MK_LWSK_DE_EDDN	: 	: 	: 	: 	: 	: 	: 	: 	: 	26 	26 	26 	26 	9 	8 	9 	9 	8 	9 	9 	9 	8 	9 	8 	9 	104 	: 	: 	: 	: 	: 	: 	: 	: 	: 	: 	: 	: 	: 	: 	: 	: 	: 
FLIGHT,CAF_PAS_DEP,MK_LWSK_DE_EDFH	39 	27 	13 	13 	13 	13 	9 	8 	10 	29 	37 	28 	29 	11 	8 	10 	11 	13 	13 	10 	9 	9 	11 	8 	10 	123 	25 	37 	26 	25 	8 	8 	9 	11 	13 	13 	9 	9 	8 	9 	8 	8 	113 
FLIGHT,CAF_PAS_DEP,MK_LWSK_DE_EDJA	26 	35 	11 	9 	8 	9 	10 	12 	13 	40 	39 	39 	39 	14 	13 	13 	13 	13 	13 	13 	13 	13 	14 	12 	13 	157 	40 	39 	39 	39 	14 	12 	14 	13 	13 	13 	13 	13 	13 	13 	12 	14 	157 
FLIGHT,CAF_PAS_DEP,MK_LWSK_DE_EDLW	39 	38 	13 	13 	13 	13 	13 	12 	13 	37 	40 	39 	39 	12 	12 	13 	13 	14 	13 	13 	13 	13 	14 	12 	13 	155 	37 	39 	39 	38 	11 	12 	14 	13 	13 	13 	13 	13 	13 	13 	12 	13 	153 
FLIGHT,CAF_PAS_DEP,MK_LWSK_DE_EDNY	26 	25 	10 	8 	9 	9 	9 	7 	9 	25 	26 	26 	27 	7 	9 	9 	8 	9 	9 	9 	9 	8 	9 	9 	9 	104 	: 	: 	: 	: 	: 	: 	: 	: 	: 	: 	: 	: 	: 	: 	: 	: 	: 
FLIGHT,CAF_PAS_DEP,MK_LWSK_DK_EKCH	26 	26 	11 	9 	9 	8 	9 	8 	9 	24 	26 	27 	3 	7 	9 	8 	8 	9 	9 	10 	9 	8 	3 	: 	: 	80 	: 	: 	: 	: 	: 	: 	: 	: 	: 	: 	: 	: 	: 	: 	: 	: 	: 
FLIGHT,CAF_PAS_DEP,MK_LWSK_ES_LEBL	: 	: 	: 	: 	: 	: 	: 	: 	: 	24 	27 	26 	26 	7 	8 	9 	9 	9 	9 	8 	9 	9 	9 	8 	9 	103 	: 	: 	: 	: 	: 	: 	: 	: 	: 	: 	: 	: 	: 	: 	: 	: 	: 
FLIGHT,CAF_PAS_DEP,MK_LWSK_FR_LFOB	: 	: 	: 	: 	: 	: 	: 	: 	: 	25 	27 	26 	26 	7 	9 	9 	9 	9 	9 	8 	9 	9 	9 	8 	9 	104 	25 	37 	26 	26 	8 	8 	9 	11 	13 	13 	9 	9 	8 	9 	8 	9 	114 
FLIGHT,CAF_PAS_DEP,MK_LWSK_FR_LFSB	65 	67 	28 	21 	22 	22 	22 	19 	26 	66 	74 	65 	56 	22 	22 	22 	21 	24 	29 	22 	22 	21 	20 	17 	19 	261 	63 	65 	65 	54 	19 	22 	22 	21 	22 	22 	21 	22 	22 	19 	16 	19 	247 
FLIGHT,CAF_PAS_DEP,MK_LWSK_HR_LDZA	103 	86 	35 	35 	36 	32 	33 	24 	29 	93 	105 	104 	86 	29 	29 	35 	35 	35 	35 	34 	36 	34 	31 	27 	28 	388 	89 	105 	102 	90 	26 	31 	32 	34 	35 	36 	34 	35 	33 	32 	28 	30 	386 
FLIGHT,CAF_PAS_DEP,MK_LWSK_IT_LIME	: 	: 	: 	: 	: 	: 	: 	: 	: 	25 	25 	26 	27 	7 	9 	9 	8 	9 	8 	8 	9 	9 	9 	8 	10 	103 	28 	37 	26 	26 	11 	8 	9 	11 	13 	13 	9 	9 	8 	9 	8 	9 	117 
FLIGHT,CAF_PAS_DEP,MK_LWSK_IT_LIPH	: 	: 	: 	: 	: 	: 	: 	: 	: 	26 	27 	26 	25 	9 	9 	8 	9 	9 	9 	8 	9 	9 	8 	8 	9 	104 	26 	27 	26 	26 	9 	9 	8 	9 	9 	9 	8 	9 	9 	9 	8 	9 	105 
FLIGHT,CAF_PAS_DEP,MK_LWSK_IT_LIRF	: 	: 	: 	: 	: 	: 	: 	: 	: 	63 	91 	91 	77 	: 	31 	32 	29 	32 	30 	29 	32 	30 	27 	25 	25 	322 	78 	92 	91 	73 	25 	24 	29 	31 	31 	30 	31 	31 	29 	27 	21 	25 	334 
FLIGHT,CAF_PAS_DEP,MK_LWSK_NL_EHEH	: 	: 	: 	: 	: 	: 	: 	: 	: 	25 	26 	22 	26 	8 	8 	9 	9 	8 	9 	5 	9 	8 	9 	8 	9 	99 	24 	27 	26 	25 	7 	9 	8 	9 	9 	9 	8 	9 	9 	9 	8 	8 	102 
FLIGHT,CAF_PAS_DEP,MK_LWSK_NO_ENTO	: 	: 	: 	: 	: 	: 	: 	: 	: 	26 	27 	26 	25 	9 	9 	8 	9 	9 	9 	8 	9 	9 	8 	9 	8 	104 	: 	: 	: 	: 	: 	: 	: 	: 	: 	: 	: 	: 	: 	: 	: 	: 	: 
FLIGHT,CAF_PAS_DEP,MK_LWSK_RS_LYBE	110 	87 	62 	49 	31 	30 	29 	27 	31 	92 	171 	108 	79 	31 	30 	31 	48 	61 	62 	47 	31 	30 	31 	23 	25 	450 	89 	167 	107 	87 	29 	29 	31 	43 	62 	62 	46 	31 	30 	30 	28 	29 	450 
FLIGHT,CAF_PAS_DEP,MK_LWSK_SE_ESGG	39 	38 	16 	13 	13 	13 	13 	12 	13 	40 	39 	39 	29 	14 	13 	13 	13 	13 	13 	13 	13 	13 	10 	8 	11 	147 	42 	53 	39 	30 	13 	13 	16 	17 	18 	18 	13 	13 	13 	11 	8 	11 	164 
FLIGHT,CAF_PAS_DEP,MK_LWSK_SE_ESKN	: 	: 	: 	: 	: 	: 	: 	: 	: 	25 	26 	26 	26 	8 	8 	9 	8 	9 	9 	9 	9 	8 	9 	9 	8 	103 	25 	26 	26 	26 	7 	9 	9 	8 	9 	9 	9 	9 	8 	9 	8 	9 	103 
FLIGHT,CAF_PAS_DEP,MK_LWSK_SE_ESMS	64 	52 	28 	21 	22 	21 	17 	16 	19 	64 	65 	65 	59 	21 	21 	22 	22 	22 	21 	22 	22 	21 	20 	17 	22 	253 	78 	92 	66 	54 	22 	26 	30 	30 	31 	31 	22 	22 	22 	20 	16 	18 	290 
FLIGHT,CAF_PAS_DEP,MK_LWSK_SI_LJLJ	162 	93 	58 	55 	56 	51 	35 	27 	31 	91 	99 	93 	90 	29 	31 	31 	33 	35 	31 	30 	33 	30 	31 	29 	30 	373 	89 	92 	91 	90 	29 	30 	30 	30 	31 	31 	30 	31 	30 	31 	29 	30 	362 
FLIGHT,CAF_PAS_DEP,MK_LWSK_SK_LZIB	89 	91 	35 	31 	31 	27 	33 	27 	31 	89 	93 	90 	: 	28 	30 	31 	31 	32 	30 	30 	29 	31 	: 	: 	: 	272 	: 	: 	: 	: 	: 	: 	: 	: 	: 	: 	: 	: 	: 	: 	: 	: 	: 
FLIGHT,CAF_PAS_DEP,MK_LWSK_TR_LTAI	: 	: 	: 	: 	: 	: 	: 	: 	: 	: 	69 	15 	: 	: 	: 	: 	19 	26 	24 	12 	3 	: 	: 	: 	: 	84 	: 	58 	17 	: 	: 	: 	: 	2 	30 	26 	17 	: 	: 	: 	: 	: 	75 
FLIGHT,CAF_PAS_DEP,MK_LWSK_TR_LTBA	182 	166 	62 	60 	62 	60 	61 	53 	52 	182 	181 	180 	163 	61 	59 	62 	60 	62 	59 	59 	62 	59 	61 	55 	47 	706 	165 	184 	179 	169 	49 	56 	60 	60 	62 	62 	58 	62 	59 	62 	50 	57 	697 
FLIGHT,CAF_PAS_DEP,MK_LWSK_TR_LTFJ	65 	61 	22 	22 	22 	21 	23 	18 	20 	65 	69 	65 	53 	23 	20 	22 	25 	22 	22 	21 	23 	21 	19 	16 	18 	252 	50 	69 	65 	40 	17 	13 	20 	23 	22 	24 	23 	22 	20 	14 	12 	14 	224 
FLIGHT,CAF_PAS_DEP,MK_LWSK_UK_EGGW	65 	42 	22 	21 	22 	22 	15 	12 	15 	55 	63 	54 	55 	19 	17 	19 	19 	22 	22 	19 	18 	17 	20 	16 	19 	227 	55 	66 	65 	48 	17 	17 	21 	22 	22 	22 	21 	22 	22 	18 	15 	15 	234 
PAS,PAS_BRD,MK_LWSK_AE_OMDB	: 	: 	: 	: 	: 	: 	: 	: 	: 	5917 	6781 	5825 	4737 	2095 	1781 	2041 	2185 	2449 	2147 	1897 	1967 	1961 	1636 	1723 	1378 	23260 	5433 	8338 	6801 	5869 	1627 	1796 	2010 	1984 	3326 	3028 	2580 	2071 	2150 	2046 	1686 	2137 	26441 
PAS,PAS_BRD,MK_LWSK_AT_LOWW	31890 	17779 	15323 	12012 	10148 	9730 	6959 	4872 	5948 	23331 	36980 	26522 	16332 	6764 	7021 	9546 	10746 	12942 	13292 	10077 	8797 	7648 	6271 	5031 	5030 	103165 	20803 	34732 	25122 	17329 	5810 	6626 	8367 	9661 	12835 	12236 	8841 	8440 	7841 	6778 	5180 	5371 	97986 
PAS,PAS_BRD,MK_LWSK_BE_EBCI	8807 	8509 	3434 	3034 	3000 	2773 	2931 	2570 	3008 	8587 	8660 	8586 	8111 	2713 	2583 	3291 	2577 	3084 	2999 	2672 	2981 	2933 	2595 	2858 	2658 	33944 	7754 	8420 	8084 	7678 	1990 	2816 	2948 	2644 	2927 	2849 	2707 	2793 	2584 	2766 	2441 	2471 	31936 
PAS,PAS_BRD,MK_LWSK_CH_LSZH	41069 	34931 	17126 	11625 	13502 	15942 	12088 	9729 	13114 	38761 	50361 	40184 	38519 	13378 	11125 	14258 	13518 	18118 	18725 	11783 	13971 	14430 	12762 	12116 	13641 	167825 	41434 	43509 	34049 	21865 	15658 	11618 	14158 	13551 	15575 	14383 	10014 	12235 	11800 	7344 	6578 	7943 	140857 
PAS,PAS_BRD,MK_LWSK_DE_EDDB	12660 	8152 	4488 	4188 	4173 	4299 	2822 	2641 	2689 	8674 	8957 	8397 	976 	3030 	2467 	3177 	2714 	3130 	3113 	2618 	2989 	2790 	976 	: 	: 	27004 	: 	: 	: 	: 	: 	: 	: 	: 	: 	: 	: 	: 	: 	: 	: 	: 	: 
PAS,PAS_BRD,MK_LWSK_DE_EDDH	8741 	8098 	3192 	2665 	3038 	3038 	2547 	2604 	2947 	7539 	9269 	7174 	: 	2316 	2588 	2635 	3098 	3168 	3003 	2793 	3085 	1296 	: 	: 	: 	23982 	: 	: 	: 	: 	: 	: 	: 	: 	: 	: 	: 	: 	: 	: 	: 	: 	: 
PAS,PAS_BRD,MK_LWSK_DE_EDDK	13060 	9343 	4550 	4408 	4409 	4243 	2973 	2656 	3714 	12628 	13435 	13091 	9128 	4769 	3960 	3899 	4345 	4701 	4389 	4377 	4406 	4308 	3626 	2498 	3004 	48282 	10223 	12783 	8613 	7933 	3485 	2528 	4210 	4213 	4324 	4246 	2919 	2870 	2824 	2839 	2413 	2681 	39552 
PAS,PAS_BRD,MK_LWSK_DE_EDDN	: 	: 	: 	: 	: 	: 	: 	: 	: 	8111 	8684 	8179 	7673 	2977 	2372 	2762 	2929 	2718 	3037 	2786 	2908 	2485 	2707 	2369 	2597 	32647 	: 	: 	: 	: 	: 	: 	: 	: 	: 	: 	: 	: 	: 	: 	: 	: 	: 
PAS,PAS_BRD,MK_LWSK_DE_EDFH	12952 	8724 	4351 	4301 	4288 	4363 	2893 	2585 	3246 	9355 	12393 	9199 	8958 	3667 	2434 	3254 	3621 	4426 	4346 	3311 	3034 	2854 	3610 	2416 	2932 	39905 	7751 	11818 	8225 	7432 	2747 	2213 	2791 	3363 	4280 	4175 	2876 	2893 	2456 	2726 	2434 	2272 	35226 
PAS,PAS_BRD,MK_LWSK_DE_EDJA	8854 	11603 	3942 	3092 	2691 	3071 	3288 	3908 	4407 	12735 	13431 	13139 	12361 	4570 	3898 	4267 	4307 	4613 	4511 	4339 	4495 	4305 	4615 	3776 	3970 	51666 	12202 	13288 	12691 	12324 	4398 	3509 	4295 	4276 	4501 	4511 	4278 	4216 	4197 	4121 	3854 	4349 	50505 
PAS,PAS_BRD,MK_LWSK_DE_EDLW	13121 	12459 	4600 	4267 	4402 	4452 	4272 	3869 	4318 	12145 	13620 	12829 	12276 	4042 	3838 	4265 	4350 	4802 	4468 	4283 	4421 	4125 	4551 	3738 	3987 	50870 	12225 	12945 	12600 	11632 	3993 	3801 	4431 	4202 	4395 	4348 	4276 	4225 	4099 	4101 	3647 	3884 	49402 
PAS,PAS_BRD,MK_LWSK_DE_EDNY	8714 	7998 	3377 	2667 	2996 	3051 	2741 	2377 	2880 	7887 	8300 	8470 	8296 	2325 	2630 	2932 	2504 	2942 	2854 	2777 	3030 	2663 	2936 	2782 	2578 	32953 	: 	: 	: 	: 	: 	: 	: 	: 	: 	: 	: 	: 	: 	: 	: 	: 	: 
PAS,PAS_BRD,MK_LWSK_DK_EKCH	8427 	8040 	3596 	2806 	2942 	2679 	2892 	2513 	2635 	7064 	8454 	7992 	919 	2135 	2344 	2585 	2494 	2873 	3087 	2676 	2829 	2487 	919 	: 	: 	24429 	: 	: 	: 	: 	: 	: 	: 	: 	: 	: 	: 	: 	: 	: 	: 	: 	: 
PAS,PAS_BRD,MK_LWSK_ES_LEBL	: 	: 	: 	: 	: 	: 	: 	: 	: 	7104 	8847 	7924 	7280 	2008 	2400 	2696 	2910 	2950 	2987 	2583 	2706 	2635 	2675 	2172 	2433 	31155 	: 	: 	: 	: 	: 	: 	: 	: 	: 	: 	: 	: 	: 	: 	: 	: 	: 
PAS,PAS_BRD,MK_LWSK_FR_LFOB	: 	: 	: 	: 	: 	: 	: 	: 	: 	7273 	8132 	8033 	7326 	2050 	2477 	2746 	2578 	2883 	2671 	2483 	2748 	2802 	2676 	2226 	2424 	30764 	7026 	11085 	7968 	7146 	2326 	2015 	2685 	3238 	4052 	3795 	2788 	2769 	2411 	2469 	2299 	2378 	33225 
PAS,PAS_BRD,MK_LWSK_FR_LFSB	21673 	21267 	9066 	7101 	7297 	7275 	7317 	6077 	7873 	21058 	22341 	21447 	17655 	7242 	6760 	7056 	6749 	7348 	8244 	6963 	7682 	6802 	6438 	5359 	5858 	82501 	18981 	20868 	20545 	16798 	5881 	6482 	6618 	6811 	7176 	6881 	6748 	6832 	6965 	6009 	5004 	5785 	77192 
PAS,PAS_BRD,MK_LWSK_HR_LDZA	13220 	9304 	6050 	4892 	4494 	3834 	3854 	2693 	2757 	11623 	16928 	12373 	8643 	3318 	3645 	4660 	4755 	6095 	6078 	4113 	4332 	3928 	3438 	2594 	2611 	49567 	11054 	15653 	11661 	8087 	3154 	3573 	4327 	4343 	5862 	5448 	3815 	4058 	3788 	3331 	2415 	2341 	46455 
PAS,PAS_BRD,MK_LWSK_IT_LIME	: 	: 	: 	: 	: 	: 	: 	: 	: 	7601 	8233 	8291 	7998 	2167 	2639 	2795 	2608 	2950 	2675 	2660 	2935 	2696 	2729 	2380 	2889 	32123 	8730 	11821 	8081 	7399 	3538 	2408 	2784 	3436 	4226 	4159 	2823 	2783 	2475 	2581 	2292 	2526 	36031 
PAS,PAS_BRD,MK_LWSK_IT_LIPH	: 	: 	: 	: 	: 	: 	: 	: 	: 	7785 	8765 	8073 	7294 	2810 	2577 	2398 	2823 	2921 	3021 	2604 	2789 	2680 	2351 	2311 	2632 	31917 	7754 	8679 	7670 	7335 	2762 	2607 	2385 	2781 	2935 	2963 	2448 	2656 	2566 	2580 	2278 	2477 	31438 
PAS,PAS_BRD,MK_LWSK_IT_LIRF	: 	: 	: 	: 	: 	: 	: 	: 	: 	7180 	12696 	12747 	9001 	: 	3156 	4024 	3774 	4533 	4389 	4081 	4463 	4203 	3289 	2745 	2967 	41624 	9351 	13314 	12756 	7979 	2869 	2727 	3755 	4132 	4656 	4526 	4496 	4237 	4023 	3221 	2142 	2616 	43400 
PAS,PAS_BRD,MK_LWSK_NL_EHEH	: 	: 	: 	: 	: 	: 	: 	: 	: 	7653 	8595 	7294 	8258 	2631 	2270 	2752 	2872 	2662 	3061 	1625 	3013 	2656 	2923 	2534 	2801 	31800 	7964 	8830 	8193 	7399 	2619 	2825 	2520 	2897 	2960 	2973 	2509 	2865 	2819 	2576 	2382 	2441 	32386 
PAS,PAS_BRD,MK_LWSK_NO_ENTO	: 	: 	: 	: 	: 	: 	: 	: 	: 	7599 	8237 	7704 	6921 	2632 	2490 	2477 	2801 	2511 	2925 	2163 	2800 	2741 	2347 	2397 	2177 	30461 	: 	: 	: 	: 	: 	: 	: 	: 	: 	: 	: 	: 	: 	: 	: 	: 	: 
PAS,PAS_BRD,MK_LWSK_RS_LYBE	11869 	8516 	6223 	5417 	3277 	3175 	2936 	2507 	3073 	10062 	19737 	12523 	6629 	3317 	2958 	3787 	5196 	6985 	7556 	5669 	3576 	3278 	2708 	2113 	1808 	48951 	8451 	18530 	11813 	9181 	2319 	2627 	3505 	4543 	7061 	6926 	4985 	3510 	3318 	3262 	3144 	2775 	47975 
PAS,PAS_BRD,MK_LWSK_SE_ESGG	12364 	11702 	5375 	3845 	4247 	4272 	4131 	3754 	3817 	12269 	12429 	12205 	9137 	4503 	3748 	4018 	4021 	4037 	4371 	3916 	4246 	4043 	3213 	2580 	3344 	46040 	12635 	16413 	11962 	9348 	4100 	3702 	4833 	5302 	5380 	5731 	3825 	4041 	4096 	3529 	2548 	3271 	50358 
PAS,PAS_BRD,MK_LWSK_SE_ESKN	: 	: 	: 	: 	: 	: 	: 	: 	: 	7190 	8298 	7977 	7337 	2353 	2213 	2624 	2472 	2814 	3012 	2787 	2856 	2334 	2773 	2517 	2047 	30802 	6820 	8221 	7298 	6995 	1984 	2268 	2568 	2448 	2801 	2972 	2598 	2520 	2180 	2513 	2221 	2261 	29334 
PAS,PAS_BRD,MK_LWSK_SE_ESMS	20363 	16714 	9147 	6071 	7164 	7128 	5695 	5161 	5858 	20021 	20764 	20251 	18609 	6926 	6166 	6929 	6850 	6800 	7114 	6673 	7025 	6553 	6610 	5521 	6478 	79645 	23175 	28722 	19928 	16321 	6603 	7192 	9380 	9507 	9365 	9850 	6417 	6727 	6784 	6227 	4874 	5220 	88146 
PAS,PAS_BRD,MK_LWSK_SI_LJLJ	14774 	10577 	6208 	4612 	4867 	5295 	4004 	3142 	3431 	11110 	11646 	10595 	9262 	3588 	3609 	3913 	3645 	4130 	3871 	3331 	4242 	3022 	3298 	3045 	2919 	42613 	11441 	13158 	12001 	8520 	3282 	3817 	4342 	4118 	4701 	4339 	3695 	4163 	4143 	3252 	2576 	2692 	45120 
PAS,PAS_BRD,MK_LWSK_SK_LZIB	8426 	8110 	4646 	2942 	2862 	2622 	3104 	2126 	2880 	7835 	8785 	7881 	259 	2616 	2436 	2783 	2952 	2928 	2905 	2533 	2758 	2590 	259 	0 	0 	24760 	: 	: 	: 	: 	: 	: 	: 	: 	: 	: 	: 	: 	: 	: 	: 	: 	: 
PAS,PAS_BRD,MK_LWSK_TR_LTAI	: 	: 	: 	: 	: 	: 	: 	: 	: 	: 	19223 	3828 	: 	: 	: 	: 	4306 	8193 	6724 	3284 	544 	: 	: 	: 	: 	23051 	: 	21341 	3466 	0 	: 	: 	: 	4490 	9616 	7235 	3466 	: 	: 	0 	0 	: 	24807 
PAS,PAS_BRD,MK_LWSK_TR_LTBA	41094 	27960 	16617 	13351 	14611 	13132 	10842 	8655 	8463 	34621 	42402 	38998 	28336 	10157 	10870 	13594 	14610 	14497 	13295 	11877 	14796 	12325 	10904 	9189 	8243 	144357 	30556 	42105 	37272 	30590 	8785 	10177 	11594 	13442 	15001 	13662 	11984 	13245 	12043 	11288 	9062 	10240 	140523 
PAS,PAS_BRD,MK_LWSK_TR_LTFJ	19530 	14848 	7047 	6536 	6842 	6152 	5428 	4423 	4997 	13964 	18920 	17980 	11661 	4232 	3978 	5754 	6723 	6531 	5666 	5633 	7059 	5288 	3721 	3648 	4292 	62525 	13496 	20712 	18038 	8965 	4358 	3679 	5459 	6646 	7769 	6297 	6408 	6530 	5100 	2984 	2917 	3064 	61211 
PAS,PAS_BRD,MK_LWSK_UK_EGGW	20641 	13571 	6381 	6596 	6875 	7170 	4829 	3969 	4773 	16840 	19608 	17632 	16983 	6054 	4760 	6026 	5803 	7071 	6734 	6259 	5898 	5475 	6274 	5071 	5638 	71063 	17008 	20810 	20288 	14663 	5317 	4982 	6709 	6839 	7375 	6596 	6571 	6954 	6763 	5440 	4564 	4659 	72769 
PAS,PAS_BRD_ARR,MK_LWSK_AE_OMDB	: 	: 	: 	: 	: 	: 	: 	: 	: 	2546 	2947 	3586 	2398 	1053 	786 	707 	734 	1023 	1190 	1218 	1259 	1109 	865 	824 	709 	11477 	2095 	3503 	4361 	2935 	739 	745 	611 	553 	1053 	1897 	1715 	1476 	1170 	1124 	750 	1061 	12894 
PAS,PAS_BRD_ARR,MK_LWSK_AT_LOWW	17881 	8604 	9677 	7033 	5494 	5354 	3599 	2511 	2494 	11904 	17486 	14921 	8205 	3938 	3500 	4466 	4534 	4354 	8598 	6038 	4929 	3954 	3446 	2651 	2108 	52516 	10651 	16753 	13696 	8754 	3331 	3329 	3991 	4110 	4317 	8326 	5112 	4476 	4108 	3695 	2679 	2380 	49854 
PAS,PAS_BRD_ARR,MK_LWSK_BE_EBCI	4480 	4225 	1837 	1588 	1503 	1389 	1490 	1271 	1464 	4233 	4253 	4384 	3971 	1362 	1241 	1630 	1154 	1429 	1670 	1434 	1460 	1490 	1354 	1420 	1197 	16841 	3710 	4133 	4105 	3780 	872 	1384 	1454 	1227 	1279 	1627 	1456 	1348 	1301 	1374 	1220 	1186 	15728 
PAS,PAS_BRD_ARR,MK_LWSK_CH_LSZH	20122 	16250 	9843 	5754 	6252 	8116 	5898 	4705 	5647 	18188 	24076 	19209 	18430 	6984 	4731 	6473 	6054 	7009 	11013 	5688 	6358 	7163 	6458 	5836 	6136 	79903 	19426 	21085 	16733 	10593 	8056 	5061 	6309 	6137 	6002 	8946 	5139 	5653 	5941 	3764 	3227 	3602 	67837 
PAS,PAS_BRD_ARR,MK_LWSK_DE_EDDB	6235 	4024 	2379 	2089 	2010 	2136 	1355 	1334 	1335 	4146 	4451 	4107 	489 	1505 	1138 	1503 	1297 	1506 	1648 	1298 	1475 	1334 	489 	: 	: 	13193 	: 	: 	: 	: 	: 	: 	: 	: 	: 	: 	: 	: 	: 	: 	: 	: 	: 
PAS,PAS_BRD_ARR,MK_LWSK_DE_EDDH	4345 	3940 	1672 	1355 	1513 	1477 	1262 	1283 	1395 	3526 	4511 	3563 	: 	1149 	1096 	1281 	1498 	1521 	1492 	1401 	1537 	625 	: 	: 	: 	11600 	: 	: 	: 	: 	: 	: 	: 	: 	: 	: 	: 	: 	: 	: 	: 	: 	: 
PAS,PAS_BRD_ARR,MK_LWSK_DE_EDDK	6421 	4613 	2390 	2236 	2164 	2021 	1481 	1335 	1797 	6268 	6650 	6617 	4420 	2368 	1979 	1921 	2060 	2224 	2366 	2243 	2188 	2186 	1842 	1204 	1374 	23955 	4996 	6227 	4315 	3790 	1807 	1198 	1991 	1954 	1975 	2298 	1494 	1427 	1394 	1409 	1154 	1227 	19328 
PAS,PAS_BRD_ARR,MK_LWSK_DE_EDDN	: 	: 	: 	: 	: 	: 	: 	: 	: 	3904 	4301 	3916 	3596 	1487 	1082 	1335 	1356 	1302 	1643 	1307 	1387 	1222 	1341 	1122 	1133 	15717 	: 	: 	: 	: 	: 	: 	: 	: 	: 	: 	: 	: 	: 	: 	: 	: 	: 
PAS,PAS_BRD_ARR,MK_LWSK_DE_EDFH	6459 	4261 	2216 	2188 	2107 	2164 	1438 	1269 	1554 	4592 	6134 	4562 	4356 	1840 	1123 	1629 	1651 	2081 	2402 	1663 	1483 	1416 	1810 	1192 	1354 	19644 	3788 	5716 	3971 	3461 	1467 	966 	1355 	1438 	1960 	2318 	1379 	1414 	1178 	1314 	1145 	1002 	16936 
PAS,PAS_BRD_ARR,MK_LWSK_DE_EDJA	4342 	5798 	2092 	1527 	1305 	1510 	1635 	1979 	2184 	6068 	6611 	6389 	5989 	2213 	1781 	2074 	2008 	2192 	2411 	2059 	2179 	2151 	2298 	1881 	1810 	25057 	5694 	6555 	6251 	6006 	2145 	1577 	1972 	2017 	2117 	2421 	2101 	2081 	2069 	2085 	1916 	2005 	24506 
PAS,PAS_BRD_ARR,MK_LWSK_DE_EDLW	6612 	6230 	2420 	2174 	2184 	2254 	2155 	1963 	2112 	6036 	6771 	6355 	6044 	2006 	1905 	2125 	2072 	2306 	2393 	2149 	2185 	2021 	2336 	1802 	1906 	25206 	6078 	6382 	6350 	5568 	2188 	1777 	2113 	1996 	2061 	2325 	2192 	2125 	2033 	2040 	1756 	1772 	24378 
PAS,PAS_BRD_ARR,MK_LWSK_DE_EDNY	4314 	3837 	1875 	1321 	1467 	1526 	1276 	1246 	1315 	3751 	4119 	4068 	3941 	1185 	1140 	1426 	1121 	1318 	1680 	1299 	1467 	1302 	1514 	1353 	1074 	15879 	: 	: 	: 	: 	: 	: 	: 	: 	: 	: 	: 	: 	: 	: 	: 	: 	: 
PAS,PAS_BRD_ARR,MK_LWSK_DK_EKCH	4380 	3803 	1882 	1579 	1454 	1347 	1422 	1231 	1150 	3287 	4011 	4204 	475 	1123 	915 	1249 	1125 	1217 	1669 	1563 	1420 	1221 	475 	: 	: 	11977 	: 	: 	: 	: 	: 	: 	: 	: 	: 	: 	: 	: 	: 	: 	: 	: 	: 
PAS,PAS_BRD_ARR,MK_LWSK_ES_LEBL	: 	: 	: 	: 	: 	: 	: 	: 	: 	3554 	4338 	3895 	3510 	1009 	1220 	1325 	1370 	1429 	1539 	1260 	1347 	1288 	1337 	1044 	1129 	15297 	: 	: 	: 	: 	: 	: 	: 	: 	: 	: 	: 	: 	: 	: 	: 	: 	: 
PAS,PAS_BRD_ARR,MK_LWSK_FR_LFOB	: 	: 	: 	: 	: 	: 	: 	: 	: 	3481 	3917 	4038 	3563 	1070 	1101 	1310 	1024 	1307 	1586 	1305 	1320 	1413 	1328 	1122 	1113 	14999 	3549 	5480 	3984 	3379 	1293 	953 	1303 	1327 	1808 	2345 	1444 	1318 	1222 	1131 	1163 	1085 	16392 
PAS,PAS_BRD_ARR,MK_LWSK_FR_LFSB	10787 	10333 	5057 	3618 	3552 	3617 	3734 	2995 	3604 	10448 	11113 	10832 	8859 	3732 	3195 	3521 	3134 	3064 	4915 	3547 	3811 	3474 	3293 	2665 	2901 	41252 	9152 	10441 	10212 	8116 	2871 	3000 	3281 	3230 	3140 	4071 	3439 	3307 	3466 	3042 	2453 	2621 	37921 
PAS,PAS_BRD_ARR,MK_LWSK_HR_LDZA	6836 	4669 	3716 	2577 	2257 	2002 	1951 	1405 	1313 	6079 	8242 	6301 	4278 	1829 	1875 	2375 	2188 	2053 	4001 	2121 	2232 	1948 	1737 	1332 	1209 	24900 	5747 	7505 	6053 	4043 	1773 	1791 	2183 	1970 	2049 	3486 	2079 	2131 	1843 	1808 	1264 	971 	23348 
PAS,PAS_BRD_ARR,MK_LWSK_IT_LIME	: 	: 	: 	: 	: 	: 	: 	: 	: 	3824 	4033 	4128 	3880 	1126 	1286 	1412 	1218 	1373 	1442 	1356 	1449 	1323 	1367 	1174 	1339 	15865 	4394 	5821 	4011 	3501 	1881 	1149 	1364 	1529 	1937 	2355 	1457 	1353 	1201 	1247 	1097 	1157 	17727 
PAS,PAS_BRD_ARR,MK_LWSK_IT_LIPH	: 	: 	: 	: 	: 	: 	: 	: 	: 	3962 	4376 	4044 	3499 	1510 	1248 	1204 	1298 	1441 	1637 	1356 	1382 	1306 	1182 	1107 	1210 	15881 	3843 	4266 	3766 	3436 	1425 	1260 	1158 	1265 	1372 	1629 	1231 	1268 	1267 	1264 	1073 	1099 	15311 
PAS,PAS_BRD_ARR,MK_LWSK_IT_LIRF	: 	: 	: 	: 	: 	: 	: 	: 	: 	3538 	6083 	6739 	4454 	: 	1538 	2000 	1643 	1880 	2560 	2303 	2401 	2035 	1747 	1357 	1350 	20814 	4753 	6364 	6475 	3919 	1550 	1413 	1790 	1748 	1912 	2704 	2352 	2132 	1991 	1668 	1051 	1200 	21511 
PAS,PAS_BRD_ARR,MK_LWSK_NL_EHEH	: 	: 	: 	: 	: 	: 	: 	: 	: 	3588 	4162 	3670 	4029 	1304 	1001 	1283 	1279 	1248 	1635 	871 	1463 	1336 	1460 	1251 	1318 	15449 	3966 	4257 	4068 	3659 	1443 	1316 	1207 	1294 	1364 	1599 	1292 	1384 	1392 	1272 	1177 	1210 	15950 
PAS,PAS_BRD_ARR,MK_LWSK_NO_ENTO	: 	: 	: 	: 	: 	: 	: 	: 	: 	3715 	3726 	4073 	3416 	1396 	1145 	1174 	1249 	874 	1603 	1387 	1385 	1301 	1252 	1210 	954 	14930 	: 	: 	: 	: 	: 	: 	: 	: 	: 	: 	: 	: 	: 	: 	: 	: 	: 
PAS,PAS_BRD_ARR,MK_LWSK_RS_LYBE	6756 	4225 	3647 	3189 	1837 	1730 	1583 	1262 	1380 	4896 	9453 	6885 	3326 	1740 	1366 	1790 	2243 	2708 	4502 	3201 	1962 	1722 	1409 	1074 	843 	24560 	4157 	8879 	6216 	4550 	1208 	1246 	1703 	1985 	2819 	4075 	2782 	1793 	1641 	1692 	1580 	1278 	23802 
PAS,PAS_BRD_ARR,MK_LWSK_SE_ESGG	6492 	5693 	2881 	2237 	2105 	2150 	2076 	1889 	1728 	5928 	5772 	6521 	4479 	2262 	1730 	1936 	1745 	1639 	2388 	2307 	2164 	2050 	1642 	1300 	1537 	22700 	6106 	7703 	6409 	4524 	2167 	1690 	2249 	2360 	2093 	3250 	2297 	2052 	2060 	1799 	1250 	1475 	24742 
PAS,PAS_BRD_ARR,MK_LWSK_SE_ESKN	: 	: 	: 	: 	: 	: 	: 	: 	: 	3375 	3916 	4133 	3612 	1183 	1001 	1191 	1082 	1183 	1651 	1612 	1395 	1126 	1438 	1282 	892 	15036 	3250 	3819 	3818 	3343 	1035 	1023 	1192 	1065 	1175 	1579 	1506 	1241 	1071 	1284 	1069 	990 	14230 
PAS,PAS_BRD_ARR,MK_LWSK_SE_ESMS	10898 	8219 	4957 	3655 	3569 	3674 	2947 	2602 	2670 	9761 	9675 	10749 	9076 	3558 	2870 	3333 	3014 	2812 	3849 	3927 	3538 	3284 	3375 	2782 	2919 	39261 	10926 	13615 	10588 	7927 	3297 	3152 	4477 	4318 	3668 	5629 	3860 	3375 	3353 	3233 	2350 	2344 	43056 
PAS,PAS_BRD_ARR,MK_LWSK_SI_LJLJ	7698 	5109 	4084 	2584 	2298 	2816 	2058 	1611 	1440 	5547 	5634 	5178 	4520 	1934 	1688 	1925 	1692 	1526 	2416 	1710 	1982 	1486 	1703 	1502 	1315 	20879 	5616 	6523 	6007 	3993 	1669 	1834 	2113 	1937 	1877 	2709 	1938 	2026 	2043 	1605 	1245 	1143 	22139 
PAS,PAS_BRD_ARR,MK_LWSK_SK_LZIB	4193 	4020 	2477 	1489 	1410 	1294 	1555 	1062 	1403 	3895 	4371 	3925 	259 	1326 	1193 	1376 	1453 	1397 	1521 	1284 	1360 	1281 	259 	0 	0 	12450 	: 	: 	: 	: 	: 	: 	: 	: 	: 	: 	: 	: 	: 	: 	: 	: 	: 
PAS,PAS_BRD_ARR,MK_LWSK_TR_LTAI	: 	: 	: 	: 	: 	: 	: 	: 	: 	: 	9775 	1578 	: 	: 	: 	: 	2498 	4103 	3174 	1365 	213 	: 	: 	: 	: 	11353 	: 	10971 	1331 	0 	: 	: 	: 	2753 	4793 	3425 	1331 	: 	: 	0 	: 	: 	12302 
PAS,PAS_BRD_ARR,MK_LWSK_TR_LTBA	21159 	13684 	9230 	7363 	7064 	6732 	5416 	4183 	4085 	16894 	20478 	19570 	14070 	5152 	5182 	6560 	6908 	5985 	7585 	6114 	7294 	6162 	5578 	4481 	4011 	71012 	15220 	20618 	18842 	15223 	4543 	5038 	5639 	6133 	6724 	7761 	6107 	6623 	6112 	5678 	4580 	4965 	69903 
PAS,PAS_BRD_ARR,MK_LWSK_TR_LTFJ	9967 	7819 	3670 	3444 	3371 	3152 	2876 	2313 	2630 	6933 	9553 	8908 	6204 	1975 	1946 	3012 	3364 	3043 	3146 	2633 	3530 	2745 	2015 	1994 	2195 	31598 	6734 	11050 	8765 	4700 	2086 	1867 	2781 	3427 	4130 	3493 	2942 	3313 	2510 	1545 	1660 	1495 	31249 
PAS,PAS_BRD_ARR,MK_LWSK_UK_EGGW	10345 	6610 	3918 	3375 	3411 	3559 	2487 	1958 	2165 	8246 	9629 	8919 	8239 	3246 	2070 	2930 	2368 	3285 	3976 	3274 	2964 	2681 	3175 	2488 	2576 	35033 	8140 	10337 	10182 	7138 	2705 	2314 	3121 	2883 	3507 	3947 	3360 	3468 	3354 	2742 	2252 	2144 	35797 
PAS,PAS_BRD_DEP,MK_LWSK_AE_OMDB	: 	: 	: 	: 	: 	: 	: 	: 	: 	3371 	3834 	2239 	2339 	1042 	995 	1334 	1451 	1426 	957 	679 	708 	852 	771 	899 	669 	11783 	3338 	4835 	2440 	2934 	888 	1051 	1399 	1431 	2273 	1131 	865 	595 	980 	922 	936 	1076 	13547 
PAS,PAS_BRD_DEP,MK_LWSK_AT_LOWW	14009 	9175 	5646 	4979 	4654 	4376 	3360 	2361 	3454 	11427 	19494 	11601 	8127 	2826 	3521 	5080 	6212 	8588 	4694 	4039 	3868 	3694 	2825 	2380 	2922 	50649 	10152 	17979 	11426 	8575 	2479 	3297 	4376 	5551 	8518 	3910 	3729 	3964 	3733 	3083 	2501 	2991 	48132 
PAS,PAS_BRD_DEP,MK_LWSK_BE_EBCI	4327 	4284 	1597 	1446 	1497 	1384 	1441 	1299 	1544 	4354 	4407 	4202 	4140 	1351 	1342 	1661 	1423 	1655 	1329 	1238 	1521 	1443 	1241 	1438 	1461 	17103 	4044 	4287 	3979 	3898 	1118 	1432 	1494 	1417 	1648 	1222 	1251 	1445 	1283 	1392 	1221 	1285 	16208 
PAS,PAS_BRD_DEP,MK_LWSK_CH_LSZH	20947 	18681 	7283 	5871 	7250 	7826 	6190 	5024 	7467 	20573 	26285 	20975 	20089 	6394 	6394 	7785 	7464 	11109 	7712 	6095 	7613 	7267 	6304 	6280 	7505 	87922 	22008 	22424 	17316 	11272 	7602 	6557 	7849 	7414 	9573 	5437 	4875 	6582 	5859 	3580 	3351 	4341 	73020 
PAS,PAS_BRD_DEP,MK_LWSK_DE_EDDB	6425 	4128 	2109 	2099 	2163 	2163 	1467 	1307 	1354 	4528 	4506 	4290 	487 	1525 	1329 	1674 	1417 	1624 	1465 	1320 	1514 	1456 	487 	: 	: 	13811 	: 	: 	: 	: 	: 	: 	: 	: 	: 	: 	: 	: 	: 	: 	: 	: 	: 
PAS,PAS_BRD_DEP,MK_LWSK_DE_EDDH	4396 	4158 	1520 	1310 	1525 	1561 	1285 	1321 	1552 	4013 	4758 	3611 	: 	1167 	1492 	1354 	1600 	1647 	1511 	1392 	1548 	671 	: 	: 	: 	12382 	: 	: 	: 	: 	: 	: 	: 	: 	: 	: 	: 	: 	: 	: 	: 	: 	: 
PAS,PAS_BRD_DEP,MK_LWSK_DE_EDDK	6639 	4730 	2160 	2172 	2245 	2222 	1492 	1321 	1917 	6360 	6785 	6474 	4708 	2401 	1981 	1978 	2285 	2477 	2023 	2134 	2218 	2122 	1784 	1294 	1630 	24327 	5227 	6556 	4298 	4143 	1678 	1330 	2219 	2259 	2349 	1948 	1425 	1443 	1430 	1430 	1259 	1454 	20224 
PAS,PAS_BRD_DEP,MK_LWSK_DE_EDDN	: 	: 	: 	: 	: 	: 	: 	: 	: 	4207 	4383 	4263 	4077 	1490 	1290 	1427 	1573 	1416 	1394 	1479 	1521 	1263 	1366 	1247 	1464 	16930 	: 	: 	: 	: 	: 	: 	: 	: 	: 	: 	: 	: 	: 	: 	: 	: 	: 
PAS,PAS_BRD_DEP,MK_LWSK_DE_EDFH	6493 	4463 	2135 	2113 	2181 	2199 	1455 	1316 	1692 	4763 	6259 	4637 	4602 	1827 	1311 	1625 	1970 	2345 	1944 	1648 	1551 	1438 	1800 	1224 	1578 	20261 	3963 	6102 	4254 	3971 	1280 	1247 	1436 	1925 	2320 	1857 	1497 	1479 	1278 	1412 	1289 	1270 	18290 
PAS,PAS_BRD_DEP,MK_LWSK_DE_EDJA	4512 	5805 	1850 	1565 	1386 	1561 	1653 	1929 	2223 	6667 	6820 	6750 	6372 	2357 	2117 	2193 	2299 	2421 	2100 	2280 	2316 	2154 	2317 	1895 	2160 	26609 	6508 	6733 	6440 	6318 	2253 	1932 	2323 	2259 	2384 	2090 	2177 	2135 	2128 	2036 	1938 	2344 	25999 
PAS,PAS_BRD_DEP,MK_LWSK_DE_EDLW	6509 	6229 	2180 	2093 	2218 	2198 	2117 	1906 	2206 	6109 	6849 	6474 	6232 	2036 	1933 	2140 	2278 	2496 	2075 	2134 	2236 	2104 	2215 	1936 	2081 	25664 	6147 	6563 	6250 	6064 	1805 	2024 	2318 	2206 	2334 	2023 	2084 	2100 	2066 	2061 	1891 	2112 	25024 
PAS,PAS_BRD_DEP,MK_LWSK_DE_EDNY	4400 	4161 	1502 	1346 	1529 	1525 	1465 	1131 	1565 	4136 	4181 	4402 	4355 	1140 	1490 	1506 	1383 	1624 	1174 	1478 	1563 	1361 	1422 	1429 	1504 	17074 	: 	: 	: 	: 	: 	: 	: 	: 	: 	: 	: 	: 	: 	: 	: 	: 	: 
PAS,PAS_BRD_DEP,MK_LWSK_DK_EKCH	4047 	4237 	1714 	1227 	1488 	1332 	1470 	1282 	1485 	3777 	4443 	3788 	444 	1012 	1429 	1336 	1369 	1656 	1418 	1113 	1409 	1266 	444 	: 	: 	12452 	: 	: 	: 	: 	: 	: 	: 	: 	: 	: 	: 	: 	: 	: 	: 	: 	: 
PAS,PAS_BRD_DEP,MK_LWSK_ES_LEBL	: 	: 	: 	: 	: 	: 	: 	: 	: 	3550 	4509 	4029 	3770 	999 	1180 	1371 	1540 	1521 	1448 	1323 	1359 	1347 	1338 	1128 	1304 	15858 	: 	: 	: 	: 	: 	: 	: 	: 	: 	: 	: 	: 	: 	: 	: 	: 	: 
PAS,PAS_BRD_DEP,MK_LWSK_FR_LFOB	: 	: 	: 	: 	: 	: 	: 	: 	: 	3792 	4215 	3995 	3763 	980 	1376 	1436 	1554 	1576 	1085 	1178 	1428 	1389 	1348 	1104 	1311 	15765 	3477 	5605 	3984 	3767 	1033 	1062 	1382 	1911 	2244 	1450 	1344 	1451 	1189 	1338 	1136 	1293 	16833 
PAS,PAS_BRD_DEP,MK_LWSK_FR_LFSB	10886 	10934 	4009 	3483 	3745 	3658 	3583 	3082 	4269 	10610 	11228 	10615 	8796 	3510 	3565 	3535 	3615 	4284 	3329 	3416 	3871 	3328 	3145 	2694 	2957 	41249 	9829 	10427 	10333 	8682 	3010 	3482 	3337 	3581 	4036 	2810 	3309 	3525 	3499 	2967 	2551 	3164 	39271 
PAS,PAS_BRD_DEP,MK_LWSK_HR_LDZA	6384 	4635 	2334 	2315 	2237 	1832 	1903 	1288 	1444 	5544 	8686 	6072 	4365 	1489 	1770 	2285 	2567 	4042 	2077 	1992 	2100 	1980 	1701 	1262 	1402 	24667 	5307 	8148 	5608 	4044 	1381 	1782 	2144 	2373 	3813 	1962 	1736 	1927 	1945 	1523 	1151 	1370 	23107 
PAS,PAS_BRD_DEP,MK_LWSK_IT_LIME	: 	: 	: 	: 	: 	: 	: 	: 	: 	3777 	4200 	4163 	4118 	1041 	1353 	1383 	1390 	1577 	1233 	1304 	1486 	1373 	1362 	1206 	1550 	16258 	4336 	6000 	4070 	3898 	1657 	1259 	1420 	1907 	2289 	1804 	1366 	1430 	1274 	1334 	1195 	1369 	18304 
PAS,PAS_BRD_DEP,MK_LWSK_IT_LIPH	: 	: 	: 	: 	: 	: 	: 	: 	: 	3823 	4389 	4029 	3795 	1300 	1329 	1194 	1525 	1480 	1384 	1248 	1407 	1374 	1169 	1204 	1422 	16036 	3911 	4413 	3904 	3899 	1337 	1347 	1227 	1516 	1563 	1334 	1217 	1388 	1299 	1316 	1205 	1378 	16127 
PAS,PAS_BRD_DEP,MK_LWSK_IT_LIRF	: 	: 	: 	: 	: 	: 	: 	: 	: 	3642 	6613 	6008 	4547 	: 	1618 	2024 	2131 	2653 	1829 	1778 	2062 	2168 	1542 	1388 	1617 	20810 	4598 	6950 	6281 	4060 	1319 	1314 	1965 	2384 	2744 	1822 	2144 	2105 	2032 	1553 	1091 	1416 	21889 
PAS,PAS_BRD_DEP,MK_LWSK_NL_EHEH	: 	: 	: 	: 	: 	: 	: 	: 	: 	4065 	4433 	3624 	4229 	1327 	1269 	1469 	1593 	1414 	1426 	754 	1550 	1320 	1463 	1283 	1483 	16351 	3998 	4573 	4125 	3740 	1176 	1509 	1313 	1603 	1596 	1374 	1217 	1481 	1427 	1304 	1205 	1231 	16436 
PAS,PAS_BRD_DEP,MK_LWSK_NO_ENTO	: 	: 	: 	: 	: 	: 	: 	: 	: 	3884 	4511 	3631 	3505 	1236 	1345 	1303 	1552 	1637 	1322 	776 	1415 	1440 	1095 	1187 	1223 	15531 	: 	: 	: 	: 	: 	: 	: 	: 	: 	: 	: 	: 	: 	: 	: 	: 	: 
PAS,PAS_BRD_DEP,MK_LWSK_RS_LYBE	5113 	4291 	2576 	2228 	1440 	1445 	1353 	1245 	1693 	5166 	10284 	5638 	3303 	1577 	1592 	1997 	2953 	4277 	3054 	2468 	1614 	1556 	1299 	1039 	965 	24391 	4294 	9651 	5597 	4631 	1111 	1381 	1802 	2558 	4242 	2851 	2203 	1717 	1677 	1570 	1564 	1497 	24173 
PAS,PAS_BRD_DEP,MK_LWSK_SE_ESGG	5872 	6009 	2494 	1608 	2142 	2122 	2055 	1865 	2089 	6341 	6657 	5684 	4658 	2241 	2018 	2082 	2276 	2398 	1983 	1609 	2082 	1993 	1571 	1280 	1807 	23340 	6529 	8710 	5553 	4824 	1933 	2012 	2584 	2942 	3287 	2481 	1528 	1989 	2036 	1730 	1298 	1796 	25616 
PAS,PAS_BRD_DEP,MK_LWSK_SE_ESKN	: 	: 	: 	: 	: 	: 	: 	: 	: 	3815 	4382 	3844 	3725 	1170 	1212 	1433 	1390 	1631 	1361 	1175 	1461 	1208 	1335 	1235 	1155 	15766 	3570 	4402 	3480 	3652 	949 	1245 	1376 	1383 	1626 	1393 	1092 	1279 	1109 	1229 	1152 	1271 	15104 
PAS,PAS_BRD_DEP,MK_LWSK_SE_ESMS	9465 	8495 	4190 	2416 	3595 	3454 	2748 	2559 	3188 	10260 	11089 	9502 	9533 	3368 	3296 	3596 	3836 	3988 	3265 	2746 	3487 	3269 	3235 	2739 	3559 	40384 	12249 	15107 	9340 	8394 	3306 	4040 	4903 	5189 	5697 	4221 	2557 	3352 	3431 	2994 	2524 	2876 	45090 
PAS,PAS_BRD_DEP,MK_LWSK_SI_LJLJ	7076 	5468 	2124 	2028 	2569 	2479 	1946 	1531 	1991 	5563 	6012 	5417 	4742 	1654 	1921 	1988 	1953 	2604 	1455 	1621 	2260 	1536 	1595 	1543 	1604 	21734 	5825 	6635 	5994 	4527 	1613 	1983 	2229 	2181 	2824 	1630 	1757 	2137 	2100 	1647 	1331 	1549 	22981 
PAS,PAS_BRD_DEP,MK_LWSK_SK_LZIB	4233 	4090 	2169 	1453 	1452 	1328 	1549 	1064 	1477 	3940 	4414 	3956 	0 	1290 	1243 	1407 	1499 	1531 	1384 	1249 	1398 	1309 	: 	0 	0 	12310 	: 	: 	: 	: 	: 	: 	: 	: 	: 	: 	: 	: 	: 	: 	: 	: 	: 
PAS,PAS_BRD_DEP,MK_LWSK_TR_LTAI	: 	: 	: 	: 	: 	: 	: 	: 	: 	: 	9448 	2250 	: 	: 	: 	: 	1808 	4090 	3550 	1919 	331 	: 	: 	: 	: 	11698 	: 	10370 	2135 	0 	: 	: 	: 	1737 	4823 	3810 	2135 	: 	: 	: 	0 	: 	12505 
PAS,PAS_BRD_DEP,MK_LWSK_TR_LTBA	19935 	14276 	7387 	5988 	7547 	6400 	5426 	4472 	4378 	17727 	21924 	19428 	14266 	5005 	5688 	7034 	7702 	8512 	5710 	5763 	7502 	6163 	5326 	4708 	4232 	73345 	15336 	21487 	18430 	15367 	4242 	5139 	5955 	7309 	8277 	5901 	5877 	6622 	5931 	5610 	4482 	5275 	70620 
PAS,PAS_BRD_DEP,MK_LWSK_TR_LTFJ	9563 	7029 	3377 	3092 	3471 	3000 	2552 	2110 	2367 	7031 	9367 	9072 	5457 	2257 	2032 	2742 	3359 	3488 	2520 	3000 	3529 	2543 	1706 	1654 	2097 	30927 	6762 	9662 	9273 	4265 	2272 	1812 	2678 	3219 	3639 	2804 	3466 	3217 	2590 	1439 	1257 	1569 	29962 
PAS,PAS_BRD_DEP,MK_LWSK_UK_EGGW	10296 	6961 	2463 	3221 	3464 	3611 	2342 	2011 	2608 	8594 	9979 	8713 	8744 	2808 	2690 	3096 	3435 	3786 	2758 	2985 	2934 	2794 	3099 	2583 	3062 	36030 	8868 	10473 	10106 	7525 	2612 	2668 	3588 	3956 	3868 	2649 	3211 	3486 	3409 	2698 	2312 	2515 	36972 
PAS,PAS_CRD,MK_LWSK_AE_OMDB	: 	: 	: 	: 	: 	: 	: 	: 	: 	5917 	6781 	5825 	4737 	2095 	1781 	2041 	2185 	2449 	2147 	1897 	1967 	1961 	1636 	1723 	1378 	23260 	5433 	8338 	6801 	5869 	1627 	1796 	2010 	1984 	3326 	3028 	2580 	2071 	2150 	2046 	1686 	2137 	26441 
PAS,PAS_CRD,MK_LWSK_AT_LOWW	31890 	17779 	15323 	12012 	10148 	9730 	6959 	4872 	5948 	23331 	36980 	26522 	16332 	6764 	7021 	9546 	10746 	12942 	13292 	10077 	8797 	7648 	6271 	5031 	5030 	103165 	20803 	34732 	25122 	17329 	5810 	6626 	8367 	9661 	12835 	12236 	8841 	8440 	7841 	6778 	5180 	5371 	97986 
PAS,PAS_CRD,MK_LWSK_BE_EBCI	8807 	8509 	3434 	3034 	3000 	2773 	2931 	2570 	3008 	8587 	8660 	8586 	8111 	2713 	2583 	3291 	2577 	3084 	2999 	2672 	2981 	2933 	2595 	2858 	2658 	33944 	7754 	8420 	8084 	7678 	1990 	2816 	2948 	2644 	2927 	2849 	2707 	2793 	2584 	2766 	2441 	2471 	31936 
PAS,PAS_CRD,MK_LWSK_CH_LSZH	41069 	34931 	17126 	11625 	13502 	15942 	12088 	9729 	13114 	38761 	50361 	40184 	38519 	13378 	11125 	14258 	13518 	18118 	18725 	11783 	13971 	14430 	12762 	12116 	13641 	167825 	41434 	43509 	34049 	21865 	15658 	11618 	14158 	13551 	15575 	14383 	10014 	12235 	11800 	7344 	6578 	7943 	140857 
PAS,PAS_CRD,MK_LWSK_DE_EDDB	12660 	8152 	4488 	4188 	4173 	4299 	2822 	2641 	2689 	8674 	8957 	8397 	976 	3030 	2467 	3177 	2714 	3130 	3113 	2618 	2989 	2790 	976 	: 	: 	27004 	: 	: 	: 	: 	: 	: 	: 	: 	: 	: 	: 	: 	: 	: 	: 	: 	: 
PAS,PAS_CRD,MK_LWSK_DE_EDDH	8741 	8098 	3192 	2665 	3038 	3038 	2547 	2604 	2947 	7539 	9269 	7174 	: 	2316 	2588 	2635 	3098 	3168 	3003 	2793 	3085 	1296 	: 	: 	: 	23982 	: 	: 	: 	: 	: 	: 	: 	: 	: 	: 	: 	: 	: 	: 	: 	: 	: 
PAS,PAS_CRD,MK_LWSK_DE_EDDK	13060 	9343 	4550 	4408 	4409 	4243 	2973 	2656 	3714 	12628 	13435 	13091 	9128 	4769 	3960 	3899 	4345 	4701 	4389 	4377 	4406 	4308 	3626 	2498 	3004 	48282 	10223 	12783 	8613 	7933 	3485 	2528 	4210 	4213 	4324 	4246 	2919 	2870 	2824 	2839 	2413 	2681 	39552 
PAS,PAS_CRD,MK_LWSK_DE_EDDN	: 	: 	: 	: 	: 	: 	: 	: 	: 	8111 	8684 	8179 	7673 	2977 	2372 	2762 	2929 	2718 	3037 	2786 	2908 	2485 	2707 	2369 	2597 	32647 	: 	: 	: 	: 	: 	: 	: 	: 	: 	: 	: 	: 	: 	: 	: 	: 	: 
PAS,PAS_CRD,MK_LWSK_DE_EDFH	12952 	8724 	4351 	4301 	4288 	4363 	2893 	2585 	3246 	9355 	12393 	9199 	8958 	3667 	2434 	3254 	3621 	4426 	4346 	3311 	3034 	2854 	3610 	2416 	2932 	39905 	7751 	11818 	8225 	7432 	2747 	2213 	2791 	3363 	4280 	4175 	2876 	2893 	2456 	2726 	2434 	2272 	35226 
PAS,PAS_CRD,MK_LWSK_DE_EDJA	8854 	11603 	3942 	3092 	2691 	3071 	3288 	3908 	4407 	12735 	13431 	13139 	12361 	4570 	3898 	4267 	4307 	4613 	4511 	4339 	4495 	4305 	4615 	3776 	3970 	51666 	12202 	13288 	12691 	12324 	4398 	3509 	4295 	4276 	4501 	4511 	4278 	4216 	4197 	4121 	3854 	4349 	50505 
PAS,PAS_CRD,MK_LWSK_DE_EDLW	13121 	12459 	4600 	4267 	4402 	4452 	4272 	3869 	4318 	12145 	13620 	12829 	12276 	4042 	3838 	4265 	4350 	4802 	4468 	4283 	4421 	4125 	4551 	3738 	3987 	50870 	12225 	12945 	12600 	11632 	3993 	3801 	4431 	4202 	4395 	4348 	4276 	4225 	4099 	4101 	3647 	3884 	49402 
PAS,PAS_CRD,MK_LWSK_DE_EDNY	8714 	7998 	3377 	2667 	2996 	3051 	2741 	2377 	2880 	7887 	8300 	8470 	8296 	2325 	2630 	2932 	2504 	2942 	2854 	2777 	3030 	2663 	2936 	2782 	2578 	32953 	: 	: 	: 	: 	: 	: 	: 	: 	: 	: 	: 	: 	: 	: 	: 	: 	: 
PAS,PAS_CRD,MK_LWSK_DK_EKCH	8427 	8040 	3596 	2806 	2942 	2679 	2892 	2513 	2635 	7064 	8454 	7992 	919 	2135 	2344 	2585 	2494 	2873 	3087 	2676 	2829 	2487 	919 	: 	: 	24429 	: 	: 	: 	: 	: 	: 	: 	: 	: 	: 	: 	: 	: 	: 	: 	: 	: 
PAS,PAS_CRD,MK_LWSK_ES_LEBL	: 	: 	: 	: 	: 	: 	: 	: 	: 	7104 	8847 	7924 	7280 	2008 	2400 	2696 	2910 	2950 	2987 	2583 	2706 	2635 	2675 	2172 	2433 	31155 	: 	: 	: 	: 	: 	: 	: 	: 	: 	: 	: 	: 	: 	: 	: 	: 	: 
PAS,PAS_CRD,MK_LWSK_FR_LFOB	: 	: 	: 	: 	: 	: 	: 	: 	: 	7273 	8132 	8033 	7326 	2050 	2477 	2746 	2578 	2883 	2671 	2483 	2748 	2802 	2676 	2226 	2424 	30764 	7026 	11085 	7968 	7146 	2326 	2015 	2685 	3238 	4052 	3795 	2788 	2769 	2411 	2469 	2299 	2378 	33225 
PAS,PAS_CRD,MK_LWSK_FR_LFSB	21673 	21267 	9066 	7101 	7297 	7275 	7317 	6077 	7873 	21058 	22341 	21447 	17655 	7242 	6760 	7056 	6749 	7348 	8244 	6963 	7682 	6802 	6438 	5359 	5858 	82501 	18329 	20868 	20545 	16798 	5229 	6482 	6618 	6811 	7176 	6881 	6748 	6832 	6965 	6009 	5004 	5785 	76540 
PAS,PAS_CRD,MK_LWSK_HR_LDZA	13220 	9304 	6050 	4892 	4494 	3834 	3854 	2693 	2757 	11623 	16928 	12373 	8643 	3318 	3645 	4660 	4755 	6095 	6078 	4113 	4332 	3928 	3438 	2594 	2611 	49567 	11054 	15653 	11661 	8087 	3154 	3573 	4327 	4343 	5862 	5448 	3815 	4058 	3788 	3331 	2415 	2341 	46455 
PAS,PAS_CRD,MK_LWSK_IT_LIME	: 	: 	: 	: 	: 	: 	: 	: 	: 	7601 	8233 	8291 	7998 	2167 	2639 	2795 	2608 	2950 	2675 	2660 	2935 	2696 	2729 	2380 	2889 	32123 	8730 	11821 	8081 	7399 	3538 	2408 	2784 	3436 	4226 	4159 	2823 	2783 	2475 	2581 	2292 	2526 	36031 
PAS,PAS_CRD,MK_LWSK_IT_LIPH	: 	: 	: 	: 	: 	: 	: 	: 	: 	7785 	8765 	8073 	7294 	2810 	2577 	2398 	2823 	2921 	3021 	2604 	2789 	2680 	2351 	2311 	2632 	31917 	7754 	8679 	7670 	7335 	2762 	2607 	2385 	2781 	2935 	2963 	2448 	2656 	2566 	2580 	2278 	2477 	31438 
PAS,PAS_CRD,MK_LWSK_IT_LIRF	: 	: 	: 	: 	: 	: 	: 	: 	: 	7180 	12696 	12747 	9001 	: 	3156 	4024 	3774 	4533 	4389 	4081 	4463 	4203 	3289 	2745 	2967 	41624 	9351 	13314 	12756 	7979 	2869 	2727 	3755 	4132 	4656 	4526 	4496 	4237 	4023 	3221 	2142 	2616 	43400 
PAS,PAS_CRD,MK_LWSK_NL_EHEH	: 	: 	: 	: 	: 	: 	: 	: 	: 	7653 	8595 	7294 	8258 	2631 	2270 	2752 	2872 	2662 	3061 	1625 	3013 	2656 	2923 	2534 	2801 	31800 	7964 	8830 	8193 	7399 	2619 	2825 	2520 	2897 	2960 	2973 	2509 	2865 	2819 	2576 	2382 	2441 	32386 
PAS,PAS_CRD,MK_LWSK_NO_ENTO	: 	: 	: 	: 	: 	: 	: 	: 	: 	7599 	8237 	7704 	6921 	2632 	2490 	2477 	2801 	2511 	2925 	2163 	2800 	2741 	2347 	2397 	2177 	30461 	: 	: 	: 	: 	: 	: 	: 	: 	: 	: 	: 	: 	: 	: 	: 	: 	: 
PAS,PAS_CRD,MK_LWSK_RS_LYBE	11869 	8516 	6223 	5417 	3277 	3175 	2936 	2507 	3073 	10062 	19737 	12523 	6629 	3317 	2958 	3787 	5196 	6985 	7556 	5669 	3576 	3278 	2708 	2113 	1808 	48951 	8451 	18530 	11813 	9181 	2319 	2627 	3505 	4543 	7061 	6926 	4985 	3510 	3318 	3262 	3144 	2775 	47975 
PAS,PAS_CRD,MK_LWSK_SE_ESGG	12364 	11702 	5375 	3845 	4247 	4272 	4131 	3754 	3817 	12269 	12429 	12205 	9137 	4503 	3748 	4018 	4021 	4037 	4371 	3916 	4246 	4043 	3213 	2580 	3344 	46040 	12635 	16413 	11962 	9348 	4100 	3702 	4833 	5302 	5380 	5731 	3825 	4041 	4096 	3529 	2548 	3271 	50358 
PAS,PAS_CRD,MK_LWSK_SE_ESKN	: 	: 	: 	: 	: 	: 	: 	: 	: 	7190 	8298 	7977 	7337 	2353 	2213 	2624 	2472 	2814 	3012 	2787 	2856 	2334 	2773 	2517 	2047 	30802 	6820 	8221 	7298 	6995 	1984 	2268 	2568 	2448 	2801 	2972 	2598 	2520 	2180 	2513 	2221 	2261 	29334 
PAS,PAS_CRD,MK_LWSK_SE_ESMS	20363 	16714 	9147 	6071 	7164 	7128 	5695 	5161 	5858 	20021 	20764 	20251 	18609 	6926 	6166 	6929 	6850 	6800 	7114 	6673 	7025 	6553 	6610 	5521 	6478 	79645 	23175 	28722 	19928 	16321 	6603 	7192 	9380 	9507 	9365 	9850 	6417 	6727 	6784 	6227 	4874 	5220 	88146 
PAS,PAS_CRD,MK_LWSK_SI_LJLJ	14774 	10577 	6208 	4612 	4867 	5295 	4004 	3142 	3431 	11110 	11646 	10320 	9262 	3588 	3609 	3913 	3645 	4130 	3871 	3331 	3967 	3022 	3298 	3045 	2919 	42338 	11441 	13158 	12001 	8520 	3282 	3817 	4342 	4118 	4701 	4339 	3695 	4163 	4143 	3252 	2576 	2692 	45120 
PAS,PAS_CRD,MK_LWSK_SK_LZIB	8426 	8110 	4646 	2942 	2862 	2622 	3104 	2126 	2880 	7835 	8785 	7881 	259 	2616 	2436 	2783 	2952 	2928 	2905 	2533 	2758 	2590 	259 	0 	0 	24760 	: 	: 	: 	: 	: 	: 	: 	: 	: 	: 	: 	: 	: 	: 	: 	: 	: 
PAS,PAS_CRD,MK_LWSK_TR_LTAI	: 	: 	: 	: 	: 	: 	: 	: 	: 	: 	19223 	3828 	: 	: 	: 	: 	4306 	8193 	6724 	3284 	544 	: 	: 	: 	: 	23051 	: 	21341 	3466 	: 	: 	: 	: 	4490 	9616 	7235 	3466 	: 	: 	: 	: 	: 	24807 
PAS,PAS_CRD,MK_LWSK_TR_LTBA	41094 	27960 	16617 	13351 	14611 	13132 	10842 	8655 	8463 	34621 	42402 	38998 	28336 	10157 	10870 	13594 	14610 	14497 	13295 	11877 	14796 	12325 	10904 	9189 	8243 	144357 	30556 	42105 	37272 	30590 	8785 	10177 	11594 	13442 	15001 	13662 	11984 	13245 	12043 	11288 	9062 	10240 	140523 
PAS,PAS_CRD,MK_LWSK_TR_LTFJ	19530 	14848 	7047 	6536 	6842 	6152 	5428 	4423 	4997 	13964 	18920 	18255 	11661 	4232 	3978 	5754 	6723 	6531 	5666 	5633 	7334 	5288 	3721 	3648 	4292 	62800 	13496 	20712 	18038 	8965 	4358 	3679 	5459 	6646 	7769 	6297 	6408 	6530 	5100 	2984 	2917 	3064 	61211 
PAS,PAS_CRD,MK_LWSK_UK_EGGW	20641 	13571 	6381 	6596 	6875 	7170 	4829 	3969 	4773 	16840 	19608 	17632 	16983 	6054 	4760 	6026 	5803 	7071 	6734 	6259 	5898 	5475 	6274 	5071 	5638 	71063 	17008 	20810 	20288 	14663 	5317 	4982 	6709 	6839 	7375 	6596 	6571 	6954 	6763 	5440 	4564 	4659 	72769 
PAS,PAS_CRD_ARR,MK_LWSK_AE_OMDB	: 	: 	: 	: 	: 	: 	: 	: 	: 	2546 	2947 	3586 	2398 	1053 	786 	707 	734 	1023 	1190 	1218 	1259 	1109 	865 	824 	709 	11477 	2095 	3503 	4361 	2935 	739 	745 	611 	553 	1053 	1897 	1715 	1476 	1170 	1124 	750 	1061 	12894 
PAS,PAS_CRD_ARR,MK_LWSK_AT_LOWW	17881 	8604 	9677 	7033 	5494 	5354 	3599 	2511 	2494 	11904 	17486 	14921 	8205 	3938 	3500 	4466 	4534 	4354 	8598 	6038 	4929 	3954 	3446 	2651 	2108 	52516 	10651 	16753 	13696 	8754 	3331 	3329 	3991 	4110 	4317 	8326 	5112 	4476 	4108 	3695 	2679 	2380 	49854 
PAS,PAS_CRD_ARR,MK_LWSK_BE_EBCI	4480 	4225 	1837 	1588 	1503 	1389 	1490 	1271 	1464 	4233 	4253 	4384 	3971 	1362 	1241 	1630 	1154 	1429 	1670 	1434 	1460 	1490 	1354 	1420 	1197 	16841 	3710 	4133 	4105 	3780 	872 	1384 	1454 	1227 	1279 	1627 	1456 	1348 	1301 	1374 	1220 	1186 	15728 
PAS,PAS_CRD_ARR,MK_LWSK_CH_LSZH	20122 	16250 	9843 	5754 	6252 	8116 	5898 	4705 	5647 	18188 	24076 	19209 	18430 	6984 	4731 	6473 	6054 	7009 	11013 	5688 	6358 	7163 	6458 	5836 	6136 	79903 	19426 	21085 	16733 	10593 	8056 	5061 	6309 	6137 	6002 	8946 	5139 	5653 	5941 	3764 	3227 	3602 	67837 
PAS,PAS_CRD_ARR,MK_LWSK_DE_EDDB	6235 	4024 	2379 	2089 	2010 	2136 	1355 	1334 	1335 	4146 	4451 	4107 	489 	1505 	1138 	1503 	1297 	1506 	1648 	1298 	1475 	1334 	489 	: 	: 	13193 	: 	: 	: 	: 	: 	: 	: 	: 	: 	: 	: 	: 	: 	: 	: 	: 	: 
PAS,PAS_CRD_ARR,MK_LWSK_DE_EDDH	4345 	3940 	1672 	1355 	1513 	1477 	1262 	1283 	1395 	3526 	4511 	3563 	: 	1149 	1096 	1281 	1498 	1521 	1492 	1401 	1537 	625 	: 	: 	: 	11600 	: 	: 	: 	: 	: 	: 	: 	: 	: 	: 	: 	: 	: 	: 	: 	: 	: 
PAS,PAS_CRD_ARR,MK_LWSK_DE_EDDK	6421 	4613 	2390 	2236 	2164 	2021 	1481 	1335 	1797 	6268 	6650 	6617 	4420 	2368 	1979 	1921 	2060 	2224 	2366 	2243 	2188 	2186 	1842 	1204 	1374 	23955 	4996 	6227 	4315 	3790 	1807 	1198 	1991 	1954 	1975 	2298 	1494 	1427 	1394 	1409 	1154 	1227 	19328 
PAS,PAS_CRD_ARR,MK_LWSK_DE_EDDN	: 	: 	: 	: 	: 	: 	: 	: 	: 	3904 	4301 	3916 	3596 	1487 	1082 	1335 	1356 	1302 	1643 	1307 	1387 	1222 	1341 	1122 	1133 	15717 	: 	: 	: 	: 	: 	: 	: 	: 	: 	: 	: 	: 	: 	: 	: 	: 	: 
PAS,PAS_CRD_ARR,MK_LWSK_DE_EDFH	6459 	4261 	2216 	2188 	2107 	2164 	1438 	1269 	1554 	4592 	6134 	4562 	4356 	1840 	1123 	1629 	1651 	2081 	2402 	1663 	1483 	1416 	1810 	1192 	1354 	19644 	3788 	5716 	3971 	3461 	1467 	966 	1355 	1438 	1960 	2318 	1379 	1414 	1178 	1314 	1145 	1002 	16936 
PAS,PAS_CRD_ARR,MK_LWSK_DE_EDJA	4342 	5798 	2092 	1527 	1305 	1510 	1635 	1979 	2184 	6068 	6611 	6389 	5989 	2213 	1781 	2074 	2008 	2192 	2411 	2059 	2179 	2151 	2298 	1881 	1810 	25057 	5694 	6555 	6251 	6006 	2145 	1577 	1972 	2017 	2117 	2421 	2101 	2081 	2069 	2085 	1916 	2005 	24506 
PAS,PAS_CRD_ARR,MK_LWSK_DE_EDLW	6612 	6230 	2420 	2174 	2184 	2254 	2155 	1963 	2112 	6036 	6771 	6355 	6044 	2006 	1905 	2125 	2072 	2306 	2393 	2149 	2185 	2021 	2336 	1802 	1906 	25206 	6078 	6382 	6350 	5568 	2188 	1777 	2113 	1996 	2061 	2325 	2192 	2125 	2033 	2040 	1756 	1772 	24378 
PAS,PAS_CRD_ARR,MK_LWSK_DE_EDNY	4314 	3837 	1875 	1321 	1467 	1526 	1276 	1246 	1315 	3751 	4119 	4068 	3941 	1185 	1140 	1426 	1121 	1318 	1680 	1299 	1467 	1302 	1514 	1353 	1074 	15879 	: 	: 	: 	: 	: 	: 	: 	: 	: 	: 	: 	: 	: 	: 	: 	: 	: 
PAS,PAS_CRD_ARR,MK_LWSK_DK_EKCH	4380 	3803 	1882 	1579 	1454 	1347 	1422 	1231 	1150 	3287 	4011 	4204 	475 	1123 	915 	1249 	1125 	1217 	1669 	1563 	1420 	1221 	475 	: 	: 	11977 	: 	: 	: 	: 	: 	: 	: 	: 	: 	: 	: 	: 	: 	: 	: 	: 	: 
PAS,PAS_CRD_ARR,MK_LWSK_ES_LEBL	: 	: 	: 	: 	: 	: 	: 	: 	: 	3554 	4338 	3895 	3510 	1009 	1220 	1325 	1370 	1429 	1539 	1260 	1347 	1288 	1337 	1044 	1129 	15297 	: 	: 	: 	: 	: 	: 	: 	: 	: 	: 	: 	: 	: 	: 	: 	: 	: 
PAS,PAS_CRD_ARR,MK_LWSK_FR_LFOB	: 	: 	: 	: 	: 	: 	: 	: 	: 	3481 	3917 	4038 	3563 	1070 	1101 	1310 	1024 	1307 	1586 	1305 	1320 	1413 	1328 	1122 	1113 	14999 	3549 	5480 	3984 	3379 	1293 	953 	1303 	1327 	1808 	2345 	1444 	1318 	1222 	1131 	1163 	1085 	16392 
PAS,PAS_CRD_ARR,MK_LWSK_FR_LFSB	10787 	10333 	5057 	3618 	3552 	3617 	3734 	2995 	3604 	10448 	11113 	10832 	8859 	3732 	3195 	3521 	3134 	3064 	4915 	3547 	3811 	3474 	3293 	2665 	2901 	41252 	8830 	10441 	10212 	8116 	2549 	3000 	3281 	3230 	3140 	4071 	3439 	3307 	3466 	3042 	2453 	2621 	37599 
PAS,PAS_CRD_ARR,MK_LWSK_HR_LDZA	6836 	4669 	3716 	2577 	2257 	2002 	1951 	1405 	1313 	6079 	8242 	6301 	4278 	1829 	1875 	2375 	2188 	2053 	4001 	2121 	2232 	1948 	1737 	1332 	1209 	24900 	5747 	7505 	6053 	4043 	1773 	1791 	2183 	1970 	2049 	3486 	2079 	2131 	1843 	1808 	1264 	971 	23348 
PAS,PAS_CRD_ARR,MK_LWSK_IT_LIME	: 	: 	: 	: 	: 	: 	: 	: 	: 	3824 	4033 	4128 	3880 	1126 	1286 	1412 	1218 	1373 	1442 	1356 	1449 	1323 	1367 	1174 	1339 	15865 	4394 	5821 	4011 	3501 	1881 	1149 	1364 	1529 	1937 	2355 	1457 	1353 	1201 	1247 	1097 	1157 	17727 
PAS,PAS_CRD_ARR,MK_LWSK_IT_LIPH	: 	: 	: 	: 	: 	: 	: 	: 	: 	3962 	4376 	4044 	3499 	1510 	1248 	1204 	1298 	1441 	1637 	1356 	1382 	1306 	1182 	1107 	1210 	15881 	3843 	4266 	3766 	3436 	1425 	1260 	1158 	1265 	1372 	1629 	1231 	1268 	1267 	1264 	1073 	1099 	15311 
PAS,PAS_CRD_ARR,MK_LWSK_IT_LIRF	: 	: 	: 	: 	: 	: 	: 	: 	: 	3538 	6083 	6739 	4454 	: 	1538 	2000 	1643 	1880 	2560 	2303 	2401 	2035 	1747 	1357 	1350 	20814 	4753 	6364 	6475 	3919 	1550 	1413 	1790 	1748 	1912 	2704 	2352 	2132 	1991 	1668 	1051 	1200 	21511 
PAS,PAS_CRD_ARR,MK_LWSK_NL_EHEH	: 	: 	: 	: 	: 	: 	: 	: 	: 	3588 	4162 	3670 	4029 	1304 	1001 	1283 	1279 	1248 	1635 	871 	1463 	1336 	1460 	1251 	1318 	15449 	3966 	4257 	4068 	3659 	1443 	1316 	1207 	1294 	1364 	1599 	1292 	1384 	1392 	1272 	1177 	1210 	15950 
PAS,PAS_CRD_ARR,MK_LWSK_NO_ENTO	: 	: 	: 	: 	: 	: 	: 	: 	: 	3715 	3726 	4073 	3416 	1396 	1145 	1174 	1249 	874 	1603 	1387 	1385 	1301 	1252 	1210 	954 	14930 	: 	: 	: 	: 	: 	: 	: 	: 	: 	: 	: 	: 	: 	: 	: 	: 	: 
PAS,PAS_CRD_ARR,MK_LWSK_RS_LYBE	6756 	4225 	3647 	3189 	1837 	1730 	1583 	1262 	1380 	4896 	9453 	6885 	3326 	1740 	1366 	1790 	2243 	2708 	4502 	3201 	1962 	1722 	1409 	1074 	843 	24560 	4157 	8879 	6216 	4550 	1208 	1246 	1703 	1985 	2819 	4075 	2782 	1793 	1641 	1692 	1580 	1278 	23802 
PAS,PAS_CRD_ARR,MK_LWSK_SE_ESGG	6492 	5693 	2881 	2237 	2105 	2150 	2076 	1889 	1728 	5928 	5772 	6521 	4479 	2262 	1730 	1936 	1745 	1639 	2388 	2307 	2164 	2050 	1642 	1300 	1537 	22700 	6106 	7703 	6409 	4524 	2167 	1690 	2249 	2360 	2093 	3250 	2297 	2052 	2060 	1799 	1250 	1475 	24742 
PAS,PAS_CRD_ARR,MK_LWSK_SE_ESKN	: 	: 	: 	: 	: 	: 	: 	: 	: 	3375 	3916 	4133 	3612 	1183 	1001 	1191 	1082 	1183 	1651 	1612 	1395 	1126 	1438 	1282 	892 	15036 	3250 	3819 	3818 	3343 	1035 	1023 	1192 	1065 	1175 	1579 	1506 	1241 	1071 	1284 	1069 	990 	14230 
PAS,PAS_CRD_ARR,MK_LWSK_SE_ESMS	10898 	8219 	4957 	3655 	3569 	3674 	2947 	2602 	2670 	9761 	9675 	10749 	9076 	3558 	2870 	3333 	3014 	2812 	3849 	3927 	3538 	3284 	3375 	2782 	2919 	39261 	10926 	13615 	10588 	7927 	3297 	3152 	4477 	4318 	3668 	5629 	3860 	3375 	3353 	3233 	2350 	2344 	43056 
PAS,PAS_CRD_ARR,MK_LWSK_SI_LJLJ	7698 	5109 	4084 	2584 	2298 	2816 	2058 	1611 	1440 	5547 	5634 	5060 	4520 	1934 	1688 	1925 	1692 	1526 	2416 	1710 	1864 	1486 	1703 	1502 	1315 	20761 	5616 	6523 	6007 	3993 	1669 	1834 	2113 	1937 	1877 	2709 	1938 	2026 	2043 	1605 	1245 	1143 	22139 
PAS,PAS_CRD_ARR,MK_LWSK_SK_LZIB	4193 	4020 	2477 	1489 	1410 	1294 	1555 	1062 	1403 	3895 	4371 	3925 	259 	1326 	1193 	1376 	1453 	1397 	1521 	1284 	1360 	1281 	259 	0 	0 	12450 	: 	: 	: 	: 	: 	: 	: 	: 	: 	: 	: 	: 	: 	: 	: 	: 	: 
PAS,PAS_CRD_ARR,MK_LWSK_TR_LTAI	: 	: 	: 	: 	: 	: 	: 	: 	: 	: 	9775 	1578 	: 	: 	: 	: 	2498 	4103 	3174 	1365 	213 	: 	: 	: 	: 	11353 	: 	10971 	1331 	: 	: 	: 	: 	2753 	4793 	3425 	1331 	: 	: 	: 	: 	: 	12302 
PAS,PAS_CRD_ARR,MK_LWSK_TR_LTBA	21159 	13684 	9230 	7363 	7064 	6732 	5416 	4183 	4085 	16894 	20478 	19570 	14070 	5152 	5182 	6560 	6908 	5985 	7585 	6114 	7294 	6162 	5578 	4481 	4011 	71012 	15220 	20618 	18842 	15223 	4543 	5038 	5639 	6133 	6724 	7761 	6107 	6623 	6112 	5678 	4580 	4965 	69903 
PAS,PAS_CRD_ARR,MK_LWSK_TR_LTFJ	9967 	7819 	3670 	3444 	3371 	3152 	2876 	2313 	2630 	6933 	9553 	9026 	6204 	1975 	1946 	3012 	3364 	3043 	3146 	2633 	3648 	2745 	2015 	1994 	2195 	31716 	6734 	11050 	8765 	4700 	2086 	1867 	2781 	3427 	4130 	3493 	2942 	3313 	2510 	1545 	1660 	1495 	31249 
PAS,PAS_CRD_ARR,MK_LWSK_UK_EGGW	10345 	6610 	3918 	3375 	3411 	3559 	2487 	1958 	2165 	8246 	9629 	8919 	8239 	3246 	2070 	2930 	2368 	3285 	3976 	3274 	2964 	2681 	3175 	2488 	2576 	35033 	8140 	10337 	10182 	7138 	2705 	2314 	3121 	2883 	3507 	3947 	3360 	3468 	3354 	2742 	2252 	2144 	35797 
PAS,PAS_CRD_DEP,MK_LWSK_AE_OMDB	: 	: 	: 	: 	: 	: 	: 	: 	: 	3371 	3834 	2239 	2339 	1042 	995 	1334 	1451 	1426 	957 	679 	708 	852 	771 	899 	669 	11783 	3338 	4835 	2440 	2934 	888 	1051 	1399 	1431 	2273 	1131 	865 	595 	980 	922 	936 	1076 	13547 
PAS,PAS_CRD_DEP,MK_LWSK_AT_LOWW	14009 	9175 	5646 	4979 	4654 	4376 	3360 	2361 	3454 	11427 	19494 	11601 	8127 	2826 	3521 	5080 	6212 	8588 	4694 	4039 	3868 	3694 	2825 	2380 	2922 	50649 	10152 	17979 	11426 	8575 	2479 	3297 	4376 	5551 	8518 	3910 	3729 	3964 	3733 	3083 	2501 	2991 	48132 
PAS,PAS_CRD_DEP,MK_LWSK_BE_EBCI	4327 	4284 	1597 	1446 	1497 	1384 	1441 	1299 	1544 	4354 	4407 	4202 	4140 	1351 	1342 	1661 	1423 	1655 	1329 	1238 	1521 	1443 	1241 	1438 	1461 	17103 	4044 	4287 	3979 	3898 	1118 	1432 	1494 	1417 	1648 	1222 	1251 	1445 	1283 	1392 	1221 	1285 	16208 
PAS,PAS_CRD_DEP,MK_LWSK_CH_LSZH	20947 	18681 	7283 	5871 	7250 	7826 	6190 	5024 	7467 	20573 	26285 	20975 	20089 	6394 	6394 	7785 	7464 	11109 	7712 	6095 	7613 	7267 	6304 	6280 	7505 	87922 	22008 	22424 	17316 	11272 	7602 	6557 	7849 	7414 	9573 	5437 	4875 	6582 	5859 	3580 	3351 	4341 	73020 
PAS,PAS_CRD_DEP,MK_LWSK_DE_EDDB	6425 	4128 	2109 	2099 	2163 	2163 	1467 	1307 	1354 	4528 	4506 	4290 	487 	1525 	1329 	1674 	1417 	1624 	1465 	1320 	1514 	1456 	487 	: 	: 	13811 	: 	: 	: 	: 	: 	: 	: 	: 	: 	: 	: 	: 	: 	: 	: 	: 	: 
PAS,PAS_CRD_DEP,MK_LWSK_DE_EDDH	4396 	4158 	1520 	1310 	1525 	1561 	1285 	1321 	1552 	4013 	4758 	3611 	: 	1167 	1492 	1354 	1600 	1647 	1511 	1392 	1548 	671 	: 	: 	: 	12382 	: 	: 	: 	: 	: 	: 	: 	: 	: 	: 	: 	: 	: 	: 	: 	: 	: 
PAS,PAS_CRD_DEP,MK_LWSK_DE_EDDK	6639 	4730 	2160 	2172 	2245 	2222 	1492 	1321 	1917 	6360 	6785 	6474 	4708 	2401 	1981 	1978 	2285 	2477 	2023 	2134 	2218 	2122 	1784 	1294 	1630 	24327 	5227 	6556 	4298 	4143 	1678 	1330 	2219 	2259 	2349 	1948 	1425 	1443 	1430 	1430 	1259 	1454 	20224 
PAS,PAS_CRD_DEP,MK_LWSK_DE_EDDN	: 	: 	: 	: 	: 	: 	: 	: 	: 	4207 	4383 	4263 	4077 	1490 	1290 	1427 	1573 	1416 	1394 	1479 	1521 	1263 	1366 	1247 	1464 	16930 	: 	: 	: 	: 	: 	: 	: 	: 	: 	: 	: 	: 	: 	: 	: 	: 	: 
PAS,PAS_CRD_DEP,MK_LWSK_DE_EDFH	6493 	4463 	2135 	2113 	2181 	2199 	1455 	1316 	1692 	4763 	6259 	4637 	4602 	1827 	1311 	1625 	1970 	2345 	1944 	1648 	1551 	1438 	1800 	1224 	1578 	20261 	3963 	6102 	4254 	3971 	1280 	1247 	1436 	1925 	2320 	1857 	1497 	1479 	1278 	1412 	1289 	1270 	18290 
PAS,PAS_CRD_DEP,MK_LWSK_DE_EDJA	4512 	5805 	1850 	1565 	1386 	1561 	1653 	1929 	2223 	6667 	6820 	6750 	6372 	2357 	2117 	2193 	2299 	2421 	2100 	2280 	2316 	2154 	2317 	1895 	2160 	26609 	6508 	6733 	6440 	6318 	2253 	1932 	2323 	2259 	2384 	2090 	2177 	2135 	2128 	2036 	1938 	2344 	25999 
PAS,PAS_CRD_DEP,MK_LWSK_DE_EDLW	6509 	6229 	2180 	2093 	2218 	2198 	2117 	1906 	2206 	6109 	6849 	6474 	6232 	2036 	1933 	2140 	2278 	2496 	2075 	2134 	2236 	2104 	2215 	1936 	2081 	25664 	6147 	6563 	6250 	6064 	1805 	2024 	2318 	2206 	2334 	2023 	2084 	2100 	2066 	2061 	1891 	2112 	25024 
PAS,PAS_CRD_DEP,MK_LWSK_DE_EDNY	4400 	4161 	1502 	1346 	1529 	1525 	1465 	1131 	1565 	4136 	4181 	4402 	4355 	1140 	1490 	1506 	1383 	1624 	1174 	1478 	1563 	1361 	1422 	1429 	1504 	17074 	: 	: 	: 	: 	: 	: 	: 	: 	: 	: 	: 	: 	: 	: 	: 	: 	: 
PAS,PAS_CRD_DEP,MK_LWSK_DK_EKCH	4047 	4237 	1714 	1227 	1488 	1332 	1470 	1282 	1485 	3777 	4443 	3788 	444 	1012 	1429 	1336 	1369 	1656 	1418 	1113 	1409 	1266 	444 	: 	: 	12452 	: 	: 	: 	: 	: 	: 	: 	: 	: 	: 	: 	: 	: 	: 	: 	: 	: 
PAS,PAS_CRD_DEP,MK_LWSK_ES_LEBL	: 	: 	: 	: 	: 	: 	: 	: 	: 	3550 	4509 	4029 	3770 	999 	1180 	1371 	1540 	1521 	1448 	1323 	1359 	1347 	1338 	1128 	1304 	15858 	: 	: 	: 	: 	: 	: 	: 	: 	: 	: 	: 	: 	: 	: 	: 	: 	: 
PAS,PAS_CRD_DEP,MK_LWSK_FR_LFOB	: 	: 	: 	: 	: 	: 	: 	: 	: 	3792 	4215 	3995 	3763 	980 	1376 	1436 	1554 	1576 	1085 	1178 	1428 	1389 	1348 	1104 	1311 	15765 	3477 	5605 	3984 	3767 	1033 	1062 	1382 	1911 	2244 	1450 	1344 	1451 	1189 	1338 	1136 	1293 	16833 
PAS,PAS_CRD_DEP,MK_LWSK_FR_LFSB	10886 	10934 	4009 	3483 	3745 	3658 	3583 	3082 	4269 	10610 	11228 	10615 	8796 	3510 	3565 	3535 	3615 	4284 	3329 	3416 	3871 	3328 	3145 	2694 	2957 	41249 	9499 	10427 	10333 	8682 	2680 	3482 	3337 	3581 	4036 	2810 	3309 	3525 	3499 	2967 	2551 	3164 	38941 
PAS,PAS_CRD_DEP,MK_LWSK_HR_LDZA	6384 	4635 	2334 	2315 	2237 	1832 	1903 	1288 	1444 	5544 	8686 	6072 	4365 	1489 	1770 	2285 	2567 	4042 	2077 	1992 	2100 	1980 	1701 	1262 	1402 	24667 	5307 	8148 	5608 	4044 	1381 	1782 	2144 	2373 	3813 	1962 	1736 	1927 	1945 	1523 	1151 	1370 	23107 
PAS,PAS_CRD_DEP,MK_LWSK_IT_LIME	: 	: 	: 	: 	: 	: 	: 	: 	: 	3777 	4200 	4163 	4118 	1041 	1353 	1383 	1390 	1577 	1233 	1304 	1486 	1373 	1362 	1206 	1550 	16258 	4336 	6000 	4070 	3898 	1657 	1259 	1420 	1907 	2289 	1804 	1366 	1430 	1274 	1334 	1195 	1369 	18304 
PAS,PAS_CRD_DEP,MK_LWSK_IT_LIPH	: 	: 	: 	: 	: 	: 	: 	: 	: 	3823 	4389 	4029 	3795 	1300 	1329 	1194 	1525 	1480 	1384 	1248 	1407 	1374 	1169 	1204 	1422 	16036 	3911 	4413 	3904 	3899 	1337 	1347 	1227 	1516 	1563 	1334 	1217 	1388 	1299 	1316 	1205 	1378 	16127 
PAS,PAS_CRD_DEP,MK_LWSK_IT_LIRF	: 	: 	: 	: 	: 	: 	: 	: 	: 	3642 	6613 	6008 	4547 	: 	1618 	2024 	2131 	2653 	1829 	1778 	2062 	2168 	1542 	1388 	1617 	20810 	4598 	6950 	6281 	4060 	1319 	1314 	1965 	2384 	2744 	1822 	2144 	2105 	2032 	1553 	1091 	1416 	21889 
PAS,PAS_CRD_DEP,MK_LWSK_NL_EHEH	: 	: 	: 	: 	: 	: 	: 	: 	: 	4065 	4433 	3624 	4229 	1327 	1269 	1469 	1593 	1414 	1426 	754 	1550 	1320 	1463 	1283 	1483 	16351 	3998 	4573 	4125 	3740 	1176 	1509 	1313 	1603 	1596 	1374 	1217 	1481 	1427 	1304 	1205 	1231 	16436 
PAS,PAS_CRD_DEP,MK_LWSK_NO_ENTO	: 	: 	: 	: 	: 	: 	: 	: 	: 	3884 	4511 	3631 	3505 	1236 	1345 	1303 	1552 	1637 	1322 	776 	1415 	1440 	1095 	1187 	1223 	15531 	: 	: 	: 	: 	: 	: 	: 	: 	: 	: 	: 	: 	: 	: 	: 	: 	: 
PAS,PAS_CRD_DEP,MK_LWSK_RS_LYBE	5113 	4291 	2576 	2228 	1440 	1445 	1353 	1245 	1693 	5166 	10284 	5638 	3303 	1577 	1592 	1997 	2953 	4277 	3054 	2468 	1614 	1556 	1299 	1039 	965 	24391 	4294 	9651 	5597 	4631 	1111 	1381 	1802 	2558 	4242 	2851 	2203 	1717 	1677 	1570 	1564 	1497 	24173 
PAS,PAS_CRD_DEP,MK_LWSK_SE_ESGG	5872 	6009 	2494 	1608 	2142 	2122 	2055 	1865 	2089 	6341 	6657 	5684 	4658 	2241 	2018 	2082 	2276 	2398 	1983 	1609 	2082 	1993 	1571 	1280 	1807 	23340 	6529 	8710 	5553 	4824 	1933 	2012 	2584 	2942 	3287 	2481 	1528 	1989 	2036 	1730 	1298 	1796 	25616 
PAS,PAS_CRD_DEP,MK_LWSK_SE_ESKN	: 	: 	: 	: 	: 	: 	: 	: 	: 	3815 	4382 	3844 	3725 	1170 	1212 	1433 	1390 	1631 	1361 	1175 	1461 	1208 	1335 	1235 	1155 	15766 	3570 	4402 	3480 	3652 	949 	1245 	1376 	1383 	1626 	1393 	1092 	1279 	1109 	1229 	1152 	1271 	15104 
PAS,PAS_CRD_DEP,MK_LWSK_SE_ESMS	9465 	8495 	4190 	2416 	3595 	3454 	2748 	2559 	3188 	10260 	11089 	9502 	9533 	3368 	3296 	3596 	3836 	3988 	3265 	2746 	3487 	3269 	3235 	2739 	3559 	40384 	12249 	15107 	9340 	8394 	3306 	4040 	4903 	5189 	5697 	4221 	2557 	3352 	3431 	2994 	2524 	2876 	45090 
PAS,PAS_CRD_DEP,MK_LWSK_SI_LJLJ	7076 	5468 	2124 	2028 	2569 	2479 	1946 	1531 	1991 	5563 	6012 	5260 	4742 	1654 	1921 	1988 	1953 	2604 	1455 	1621 	2103 	1536 	1595 	1543 	1604 	21577 	5825 	6635 	5994 	4527 	1613 	1983 	2229 	2181 	2824 	1630 	1757 	2137 	2100 	1647 	1331 	1549 	22981 
PAS,PAS_CRD_DEP,MK_LWSK_SK_LZIB	4233 	4090 	2169 	1453 	1452 	1328 	1549 	1064 	1477 	3940 	4414 	3956 	0 	1290 	1243 	1407 	1499 	1531 	1384 	1249 	1398 	1309 	: 	0 	0 	12310 	: 	: 	: 	: 	: 	: 	: 	: 	: 	: 	: 	: 	: 	: 	: 	: 	: 
PAS,PAS_CRD_DEP,MK_LWSK_TR_LTAI	: 	: 	: 	: 	: 	: 	: 	: 	: 	: 	9448 	2250 	: 	: 	: 	: 	1808 	4090 	3550 	1919 	331 	: 	: 	: 	: 	11698 	: 	10370 	2135 	: 	: 	: 	: 	1737 	4823 	3810 	2135 	: 	: 	: 	: 	: 	12505 
PAS,PAS_CRD_DEP,MK_LWSK_TR_LTBA	19935 	14276 	7387 	5988 	7547 	6400 	5426 	4472 	4378 	17727 	21924 	19428 	14266 	5005 	5688 	7034 	7702 	8512 	5710 	5763 	7502 	6163 	5326 	4708 	4232 	73345 	15336 	21487 	18430 	15367 	4242 	5139 	5955 	7309 	8277 	5901 	5877 	6622 	5931 	5610 	4482 	5275 	70620 
PAS,PAS_CRD_DEP,MK_LWSK_TR_LTFJ	9563 	7029 	3377 	3092 	3471 	3000 	2552 	2110 	2367 	7031 	9367 	9229 	5457 	2257 	2032 	2742 	3359 	3488 	2520 	3000 	3686 	2543 	1706 	1654 	2097 	31084 	6762 	9662 	9273 	4265 	2272 	1812 	2678 	3219 	3639 	2804 	3466 	3217 	2590 	1439 	1257 	1569 	29962 
PAS,PAS_CRD_DEP,MK_LWSK_UK_EGGW	10296 	6961 	2463 	3221 	3464 	3611 	2342 	2011 	2608 	8594 	9979 	8713 	8744 	2808 	2690 	3096 	3435 	3786 	2758 	2985 	2934 	2794 	3099 	2583 	3062 	36030 	8868 	10473 	10106 	7525 	2612 	2668 	3588 	3956 	3868 	2649 	3211 	3486 	3409 	2698 	2312 	2515 	36972 
SEAT,ST_PAS,MK_LWSK_AE_OMDB	: 	: 	: 	: 	: 	: 	: 	: 	: 	9678 	9618 	9618 	9238 	3372 	2994 	3312 	3312 	3312 	2994 	3312 	3342 	2964 	3312 	3312 	2614 	38152 	9936 	13368 	12264 	9996 	3282 	3342 	3312 	3312 	5202 	4854 	4854 	4098 	3312 	3342 	2964 	3690 	45564 
SEAT,ST_PAS,MK_LWSK_AT_LOWW	49808 	34746 	19940 	17784 	16716 	15308 	14978 	8874 	10894 	35470 	49124 	41042 	27910 	10882 	10926 	13662 	14564 	17360 	17200 	14688 	13870 	12484 	10450 	8561 	8899 	153546 	30927 	47676 	37240 	26516 	8744 	10869 	11314 	14440 	16580 	16656 	12718 	12652 	11870 	9778 	8154 	8584 	142359 
SEAT,ST_PAS,MK_LWSK_BE_EBCI	9360 	9360 	3680 	3240 	3240 	2880 	3240 	2880 	3240 	9360 	9560 	9360 	9180 	2880 	2880 	3600 	2880 	3340 	3340 	2880 	3240 	3240 	2880 	3240 	3060 	37460 	8640 	9360 	9360 	9000 	2160 	3240 	3240 	2880 	3240 	3240 	3240 	3240 	2880 	3240 	2880 	2880 	36360 
SEAT,ST_PAS,MK_LWSK_CH_LSZH	44036 	37898 	19654 	12934 	14376 	16726 	13004 	10320 	14574 	44298 	57192 	43972 	44191 	14806 	13360 	16132 	15654 	20720 	20818 	13930 	15294 	14748 	14418 	13764 	16009 	189653 	49054 	52816 	38576 	23356 	18700 	13844 	16510 	16128 	19364 	17324 	12168 	14052 	12356 	7784 	6848 	8724 	163802 
SEAT,ST_PAS,MK_LWSK_DE_EDDB	14040 	9000 	4760 	4680 	4680 	4680 	3240 	2880 	2880 	9720 	9600 	9360 	1080 	3240 	2880 	3600 	2880 	3340 	3380 	2880 	3240 	3240 	1080 	: 	: 	29760 	: 	: 	: 	: 	: 	: 	: 	: 	: 	: 	: 	: 	: 	: 	: 	: 	: 
SEAT,ST_PAS,MK_LWSK_DE_EDDH	9360 	9000 	3360 	2880 	3240 	3240 	2880 	2880 	3240 	8460 	9820 	7560 	: 	2520 	3060 	2880 	3240 	3340 	3240 	2880 	3240 	1440 	: 	: 	: 	25840 	: 	: 	: 	: 	: 	: 	: 	: 	: 	: 	: 	: 	: 	: 	: 	: 	: 
SEAT,ST_PAS,MK_LWSK_DE_EDDK	13860 	10080 	4780 	4680 	4680 	4500 	3240 	2880 	3960 	13860 	14460 	14229 	10440 	5040 	4500 	4320 	4680 	5040 	4740 	4680 	4680 	4869 	3960 	2880 	3600 	52989 	11340 	14040 	9720 	9360 	3780 	2880 	4680 	4680 	4680 	4680 	3240 	3240 	3240 	3240 	2880 	3240 	44460 
SEAT,ST_PAS,MK_LWSK_DE_EDDN	: 	: 	: 	: 	: 	: 	: 	: 	: 	9360 	9500 	9360 	9360 	3240 	2880 	3240 	3240 	2880 	3380 	3240 	3240 	2880 	3240 	2880 	3240 	37580 	: 	: 	: 	: 	: 	: 	: 	: 	: 	: 	: 	: 	: 	: 	: 	: 	: 
SEAT,ST_PAS,MK_LWSK_DE_EDFH	14040 	9720 	4680 	4680 	4680 	4680 	3240 	2880 	3600 	10440 	13560 	10080 	10440 	3960 	2880 	3600 	3960 	4760 	4840 	3600 	3240 	3240 	3960 	2880 	3600 	44520 	9180 	13320 	9360 	9000 	3060 	2880 	3240 	3960 	4680 	4680 	3240 	3240 	2880 	3240 	2880 	2880 	40860 
SEAT,ST_PAS,MK_LWSK_DE_EDJA	9360 	12780 	4184 	3240 	2880 	3240 	3600 	4320 	4860 	14220 	14380 	14040 	14040 	4860 	4680 	4680 	4680 	4860 	4840 	4680 	4680 	4680 	5040 	4320 	4680 	56680 	14220 	14040 	14040 	14040 	4860 	4320 	5040 	4680 	4680 	4680 	4680 	4680 	4680 	4680 	4320 	5040 	56340 
SEAT,ST_PAS,MK_LWSK_DE_EDLW	14040 	13680 	4840 	4680 	4680 	4680 	4680 	4320 	4680 	13500 	14560 	14040 	14040 	4320 	4500 	4680 	4680 	5040 	4840 	4680 	4680 	4680 	5040 	4320 	4680 	56140 	13680 	14040 	14040 	13680 	4320 	4320 	5040 	4680 	4680 	4680 	4680 	4680 	4680 	4680 	4320 	4680 	55440 
SEAT,ST_PAS,MK_LWSK_DE_EDNY	9360 	9000 	3760 	2880 	3240 	3240 	3060 	2700 	3240 	9000 	9600 	9360 	9540 	2520 	3240 	3240 	2880 	3340 	3380 	3240 	3240 	2880 	3240 	3240 	3060 	37500 	: 	: 	: 	: 	: 	: 	: 	: 	: 	: 	: 	: 	: 	: 	: 	: 	: 
SEAT,ST_PAS,MK_LWSK_DK_EKCH	9360 	9360 	3844 	3240 	3240 	2880 	3240 	2880 	3240 	8460 	9600 	9509 	1080 	2520 	3060 	2880 	2880 	3340 	3380 	3389 	3240 	2880 	1080 	: 	: 	28649 	: 	: 	: 	: 	: 	: 	: 	: 	: 	: 	: 	: 	: 	: 	: 	: 	: 
SEAT,ST_PAS,MK_LWSK_ES_LEBL	: 	: 	: 	: 	: 	: 	: 	: 	: 	8820 	9720 	9360 	9360 	2520 	3060 	3240 	3240 	3240 	3240 	2880 	3240 	3240 	3240 	2880 	3240 	37260 	: 	: 	: 	: 	: 	: 	: 	: 	: 	: 	: 	: 	: 	: 	: 	: 	: 
SEAT,ST_PAS,MK_LWSK_FR_LFOB	: 	: 	: 	: 	: 	: 	: 	: 	: 	9000 	9820 	9360 	9360 	2520 	3240 	3240 	3240 	3240 	3340 	2880 	3240 	3240 	3240 	2880 	3240 	37540 	9180 	13320 	9360 	9360 	3060 	2880 	3240 	3960 	4680 	4680 	3240 	3240 	2880 	3240 	2880 	3240 	41220 
SEAT,ST_PAS,MK_LWSK_FR_LFSB	23220 	23632 	10220 	7560 	7920 	7740 	7920 	6660 	9052 	23876 	26486 	23589 	20592 	7856 	8100 	7920 	7560 	8660 	10266 	7920 	8109 	7560 	7200 	6120 	7272 	94543 	22478 	23400 	23400 	19260 	6638 	7920 	7920 	7560 	7920 	7920 	7560 	7920 	7920 	6840 	5760 	6660 	88538 
SEAT,ST_PAS,MK_LWSK_HR_LDZA	22184 	14742 	7732 	7588 	7024 	7572 	5844 	4104 	4794 	18354 	24512 	23998 	14824 	5124 	5268 	7962 	8100 	8120 	8292 	8146 	8108 	7744 	5576 	4364 	4884 	81688 	17328 	23528 	23372 	16080 	4916 	5980 	6432 	7408 	7972 	8148 	7276 	7896 	8200 	6044 	4592 	5444 	80308 
SEAT,ST_PAS,MK_LWSK_IT_LIME	: 	: 	: 	: 	: 	: 	: 	: 	: 	9000 	9012 	9360 	9720 	2520 	3240 	3240 	2880 	3240 	2892 	2880 	3240 	3240 	3240 	2880 	3600 	37092 	10080 	13320 	9360 	9360 	3960 	2880 	3240 	3960 	4680 	4680 	3240 	3240 	2880 	3240 	2880 	3240 	42120 
SEAT,ST_PAS,MK_LWSK_IT_LIPH	: 	: 	: 	: 	: 	: 	: 	: 	: 	9360 	9860 	9360 	9000 	3240 	3240 	2880 	3240 	3240 	3380 	2880 	3240 	3240 	2880 	2880 	3240 	37580 	9360 	9720 	9360 	9360 	3240 	3240 	2880 	3240 	3240 	3240 	2880 	3240 	3240 	3240 	2880 	3240 	37800 
SEAT,ST_PAS,MK_LWSK_IT_LIRF	: 	: 	: 	: 	: 	: 	: 	: 	: 	11430 	16100 	16336 	13800 	: 	5392 	6038 	5228 	5544 	5328 	5192 	5542 	5602 	4776 	4400 	4624 	57666 	14132 	16754 	16184 	12920 	4400 	4336 	5396 	5380 	5878 	5496 	5400 	5656 	5128 	4776 	3744 	4400 	59990 
SEAT,ST_PAS,MK_LWSK_NL_EHEH	: 	: 	: 	: 	: 	: 	: 	: 	: 	8820 	9460 	7920 	9360 	2880 	2700 	3240 	3240 	2880 	3340 	1800 	3240 	2880 	3240 	2880 	3240 	35560 	9000 	9720 	9360 	9180 	2880 	3240 	2880 	3240 	3240 	3240 	2880 	3240 	3240 	3240 	2880 	3060 	37260 
SEAT,ST_PAS,MK_LWSK_NO_ENTO	: 	: 	: 	: 	: 	: 	: 	: 	: 	9360 	9820 	9360 	9000 	3240 	3240 	2880 	3240 	3340 	3240 	2880 	3240 	3240 	2880 	3240 	2880 	37540 	: 	: 	: 	: 	: 	: 	: 	: 	: 	: 	: 	: 	: 	: 	: 	: 	: 
SEAT,ST_PAS,MK_LWSK_RS_LYBE	19254 	14392 	9448 	8846 	4872 	5536 	5048 	4648 	4696 	14908 	28616 	19924 	11994 	4964 	4370 	5574 	7994 	10282 	10340 	9054 	5176 	5694 	4864 	3372 	3758 	75442 	13982 	26620 	16166 	13192 	4704 	4344 	4934 	7312 	9876 	9432 	7150 	4652 	4364 	4444 	4340 	4408 	69960 
SEAT,ST_PAS,MK_LWSK_SE_ESGG	14040 	13680 	5764 	4680 	4680 	4680 	4680 	4320 	4680 	14400 	14380 	14040 	10440 	5040 	4680 	4680 	4680 	4860 	4840 	4680 	4680 	4680 	3600 	2880 	3960 	53260 	15120 	19080 	14040 	10800 	4680 	4680 	5760 	6120 	6480 	6480 	4680 	4680 	4680 	3960 	2880 	3960 	59040 
SEAT,ST_PAS,MK_LWSK_SE_ESKN	: 	: 	: 	: 	: 	: 	: 	: 	: 	9000 	9600 	9360 	9360 	2880 	2880 	3240 	2880 	3340 	3380 	3240 	3240 	2880 	3240 	3240 	2880 	37320 	9000 	9360 	9360 	9360 	2520 	3240 	3240 	2880 	3240 	3240 	3240 	3240 	2880 	3240 	2880 	3240 	37080 
SEAT,ST_PAS,MK_LWSK_SE_ESMS	23220 	18900 	10052 	7560 	7920 	7740 	6300 	5760 	6840 	23040 	23640 	23400 	21195 	7560 	7560 	7920 	7920 	8020 	7700 	7920 	7920 	7560 	7200 	6120 	7875 	91275 	27540 	33120 	23760 	19080 	7560 	9180 	10800 	10800 	11160 	11160 	7920 	7920 	7920 	7200 	5580 	6300 	103500 
SEAT,ST_PAS,MK_LWSK_SI_LJLJ	26487 	15892 	9164 	8568 	9311 	8608 	6310 	4416 	5166 	15164 	16588 	15758 	15750 	4828 	5098 	5238 	5464 	5918 	5206 	4806 	5756 	5196 	5442 	4956 	5352 	63260 	15668 	16864 	16384 	13408 	4964 	5252 	5452 	5580 	5704 	5580 	5176 	5708 	5500 	4930 	4058 	4420 	62324 
SEAT,ST_PAS,MK_LWSK_SK_LZIB	9360 	9360 	5040 	3240 	3240 	2880 	3600 	2520 	3240 	9000 	9860 	9360 	360 	2880 	2880 	3240 	3240 	3240 	3380 	2880 	3240 	3240 	360 	0 	0 	28580 	: 	: 	: 	: 	: 	: 	: 	: 	: 	: 	: 	: 	: 	: 	: 	: 	: 
SEAT,ST_PAS,MK_LWSK_TR_LTAI	: 	: 	: 	: 	: 	: 	: 	: 	: 	: 	21816 	4482 	: 	: 	: 	: 	5332 	8542 	7942 	3904 	578 	: 	: 	: 	: 	26298 	: 	24648 	4361 	105 	: 	: 	: 	6116 	10342 	8190 	4361 	: 	: 	0 	105 	: 	29114 
SEAT,ST_PAS,MK_LWSK_TR_LTBA	59319 	49271 	20140 	19170 	20344 	19805 	18593 	15468 	15210 	54748 	57116 	54742 	46242 	17928 	17864 	18956 	19184 	18962 	18970 	17608 	19160 	17974 	17138 	15952 	13152 	212848 	45758 	53164 	50470 	46662 	13470 	15358 	16930 	17596 	17834 	17734 	16576 	17302 	16592 	16910 	13434 	16318 	196054 
SEAT,ST_PAS,MK_LWSK_TR_LTFJ	23962 	23313 	8178 	8290 	7920 	7752 	8628 	6774 	7911 	24384 	25128 	24384 	19560 	8646 	7470 	8268 	8658 	8220 	8250 	7824 	8622 	7938 	7008 	5916 	6636 	93456 	18726 	25684 	24663 	14682 	6354 	4854 	7518 	8216 	8838 	8630 	9015 	8214 	7434 	5412 	4458 	4812 	83755 
SEAT,ST_PAS,MK_LWSK_UK_EGGW	23400 	15120 	7920 	7560 	7920 	7920 	5400 	4320 	5400 	19260 	22720 	19440 	19620 	6840 	5580 	6840 	6840 	7920 	7960 	6840 	6480 	6120 	7020 	5760 	6840 	81040 	19440 	23760 	23400 	17280 	5940 	5940 	7560 	7920 	7920 	7920 	7560 	7920 	7920 	6480 	5400 	5400 	83880 
SEAT,ST_PAS_ARR,MK_LWSK_AE_OMDB	: 	: 	: 	: 	: 	: 	: 	: 	: 	4839 	4809 	4809 	4619 	1686 	1497 	1656 	1656 	1656 	1497 	1656 	1671 	1482 	1656 	1656 	1307 	19076 	4968 	6684 	6132 	4998 	1641 	1671 	1656 	1656 	2601 	2427 	2427 	2049 	1656 	1671 	1482 	1845 	22782 
SEAT,ST_PAS_ARR,MK_LWSK_AT_LOWW	24994 	17498 	9895 	8892 	8358 	7744 	7489 	4562 	5447 	17735 	24487 	20521 	14018 	5441 	5463 	6831 	7207 	8680 	8600 	7344 	6998 	6179 	5288 	4243 	4487 	76761 	15426 	23913 	18557 	13321 	4372 	5397 	5657 	7295 	8290 	8328 	6296 	6326 	5935 	4889 	4077 	4355 	71217 
SEAT,ST_PAS_ARR,MK_LWSK_BE_EBCI	4680 	4680 	1840 	1620 	1620 	1440 	1620 	1440 	1620 	4680 	4780 	4680 	4500 	1440 	1440 	1800 	1440 	1670 	1670 	1440 	1620 	1620 	1440 	1620 	1440 	18640 	4140 	4680 	4680 	4500 	900 	1620 	1620 	1440 	1620 	1620 	1620 	1620 	1440 	1620 	1440 	1440 	18000 
SEAT,ST_PAS_ARR,MK_LWSK_CH_LSZH	22018 	18969 	10012 	6467 	7188 	8363 	6502 	5160 	7307 	22149 	28671 	21986 	22128 	7403 	6680 	8066 	7827 	10135 	10709 	6965 	7647 	7374 	7209 	6882 	8037 	94934 	24359 	26258 	19288 	11678 	9182 	6922 	8255 	8064 	9532 	8662 	6084 	7026 	6178 	3892 	3424 	4362 	81583 
SEAT,ST_PAS_ARR,MK_LWSK_DE_EDDB	7020 	4500 	2380 	2340 	2340 	2340 	1620 	1440 	1440 	4860 	4800 	4680 	540 	1620 	1440 	1800 	1440 	1670 	1690 	1440 	1620 	1620 	540 	: 	: 	14880 	: 	: 	: 	: 	: 	: 	: 	: 	: 	: 	: 	: 	: 	: 	: 	: 	: 
SEAT,ST_PAS_ARR,MK_LWSK_DE_EDDH	4680 	4500 	1680 	1440 	1620 	1620 	1440 	1440 	1620 	4140 	4910 	3780 	: 	1260 	1440 	1440 	1620 	1670 	1620 	1440 	1620 	720 	: 	: 	: 	12830 	: 	: 	: 	: 	: 	: 	: 	: 	: 	: 	: 	: 	: 	: 	: 	: 	: 
SEAT,ST_PAS_ARR,MK_LWSK_DE_EDDK	6840 	5040 	2390 	2340 	2340 	2160 	1620 	1440 	1980 	7020 	7230 	7209 	5220 	2520 	2340 	2160 	2340 	2520 	2370 	2340 	2340 	2529 	1980 	1440 	1800 	26679 	5760 	7020 	4860 	4680 	1980 	1440 	2340 	2340 	2340 	2340 	1620 	1620 	1620 	1620 	1440 	1620 	22320 
SEAT,ST_PAS_ARR,MK_LWSK_DE_EDDN	: 	: 	: 	: 	: 	: 	: 	: 	: 	4680 	4750 	4680 	4680 	1620 	1440 	1620 	1620 	1440 	1690 	1620 	1620 	1440 	1620 	1440 	1620 	18790 	: 	: 	: 	: 	: 	: 	: 	: 	: 	: 	: 	: 	: 	: 	: 	: 	: 
SEAT,ST_PAS_ARR,MK_LWSK_DE_EDFH	7020 	4860 	2340 	2340 	2340 	2340 	1620 	1440 	1800 	5220 	6780 	5040 	5220 	1980 	1440 	1800 	1980 	2380 	2420 	1800 	1620 	1620 	1980 	1440 	1800 	22260 	4680 	6660 	4680 	4500 	1620 	1440 	1620 	1980 	2340 	2340 	1620 	1620 	1440 	1620 	1440 	1440 	20520 
SEAT,ST_PAS_ARR,MK_LWSK_DE_EDJA	4680 	6480 	2092 	1620 	1440 	1620 	1800 	2160 	2520 	7020 	7190 	7020 	7020 	2340 	2340 	2340 	2340 	2430 	2420 	2340 	2340 	2340 	2520 	2160 	2340 	28250 	7020 	7020 	7020 	7020 	2340 	2160 	2520 	2340 	2340 	2340 	2340 	2340 	2340 	2340 	2160 	2520 	28080 
SEAT,ST_PAS_ARR,MK_LWSK_DE_EDLW	7020 	6840 	2420 	2340 	2340 	2340 	2340 	2160 	2340 	6840 	7280 	7020 	7020 	2160 	2340 	2340 	2340 	2520 	2420 	2340 	2340 	2340 	2520 	2160 	2340 	28160 	7020 	7020 	7020 	6840 	2340 	2160 	2520 	2340 	2340 	2340 	2340 	2340 	2340 	2340 	2160 	2340 	27900 
SEAT,ST_PAS_ARR,MK_LWSK_DE_EDNY	4680 	4500 	1880 	1440 	1620 	1620 	1440 	1440 	1620 	4500 	4800 	4680 	4680 	1260 	1620 	1620 	1440 	1670 	1690 	1620 	1620 	1440 	1620 	1620 	1440 	18660 	: 	: 	: 	: 	: 	: 	: 	: 	: 	: 	: 	: 	: 	: 	: 	: 	: 
SEAT,ST_PAS_ARR,MK_LWSK_DK_EKCH	4680 	4680 	1922 	1620 	1620 	1440 	1620 	1440 	1620 	4140 	4800 	4680 	540 	1260 	1440 	1440 	1440 	1670 	1690 	1620 	1620 	1440 	540 	: 	: 	14160 	: 	: 	: 	: 	: 	: 	: 	: 	: 	: 	: 	: 	: 	: 	: 	: 	: 
SEAT,ST_PAS_ARR,MK_LWSK_ES_LEBL	: 	: 	: 	: 	: 	: 	: 	: 	: 	4500 	4860 	4680 	4680 	1260 	1620 	1620 	1620 	1620 	1620 	1440 	1620 	1620 	1620 	1440 	1620 	18720 	: 	: 	: 	: 	: 	: 	: 	: 	: 	: 	: 	: 	: 	: 	: 	: 	: 
SEAT,ST_PAS_ARR,MK_LWSK_FR_LFOB	: 	: 	: 	: 	: 	: 	: 	: 	: 	4500 	4910 	4680 	4680 	1260 	1620 	1620 	1620 	1620 	1670 	1440 	1620 	1620 	1620 	1440 	1620 	18770 	4680 	6660 	4680 	4680 	1620 	1440 	1620 	1980 	2340 	2340 	1620 	1620 	1440 	1620 	1440 	1620 	20700 
SEAT,ST_PAS_ARR,MK_LWSK_FR_LFSB	11520 	11816 	5060 	3780 	3960 	3780 	3960 	3240 	4616 	12028 	13169 	11889 	10512 	3928 	4140 	3960 	3780 	4330 	5059 	3960 	4149 	3780 	3600 	3060 	3852 	47598 	11133 	11700 	11700 	9540 	3213 	3960 	3960 	3780 	3960 	3960 	3780 	3960 	3960 	3420 	2880 	3240 	44073 
SEAT,ST_PAS_ARR,MK_LWSK_HR_LDZA	11148 	7414 	3904 	3728 	3512 	3908 	2884 	2052 	2478 	9177 	12190 	11999 	7440 	2524 	2672 	3981 	3984 	4060 	4146 	4073 	4054 	3872 	2854 	2144 	2442 	40806 	8626 	11736 	11643 	8106 	2458 	2952 	3216 	3704 	4024 	4008 	3595 	3948 	4100 	3022 	2296 	2788 	40111 
SEAT,ST_PAS_ARR,MK_LWSK_IT_LIME	: 	: 	: 	: 	: 	: 	: 	: 	: 	4500 	4506 	4680 	4860 	1260 	1620 	1620 	1440 	1620 	1446 	1440 	1620 	1620 	1620 	1440 	1800 	18546 	5040 	6660 	4680 	4680 	1980 	1440 	1620 	1980 	2340 	2340 	1620 	1620 	1440 	1620 	1440 	1620 	21060 
SEAT,ST_PAS_ARR,MK_LWSK_IT_LIPH	: 	: 	: 	: 	: 	: 	: 	: 	: 	4680 	4930 	4680 	4500 	1620 	1620 	1440 	1620 	1620 	1690 	1440 	1620 	1620 	1440 	1440 	1620 	18790 	4680 	4860 	4680 	4680 	1620 	1620 	1440 	1620 	1620 	1620 	1440 	1620 	1620 	1620 	1440 	1620 	18900 
SEAT,ST_PAS_ARR,MK_LWSK_IT_LIRF	: 	: 	: 	: 	: 	: 	: 	: 	: 	5715 	8006 	8167 	6900 	: 	2652 	3063 	2614 	2728 	2664 	2640 	2726 	2801 	2388 	2200 	2312 	28788 	7110 	8327 	8092 	6460 	2200 	2212 	2698 	2640 	2939 	2748 	2700 	2828 	2564 	2388 	1872 	2200 	29989 
SEAT,ST_PAS_ARR,MK_LWSK_NL_EHEH	: 	: 	: 	: 	: 	: 	: 	: 	: 	4320 	4730 	3960 	4680 	1440 	1260 	1620 	1620 	1440 	1670 	900 	1620 	1440 	1620 	1440 	1620 	17690 	4680 	4860 	4680 	4680 	1620 	1620 	1440 	1620 	1620 	1620 	1440 	1620 	1620 	1620 	1440 	1620 	18900 
SEAT,ST_PAS_ARR,MK_LWSK_NO_ENTO	: 	: 	: 	: 	: 	: 	: 	: 	: 	4680 	4910 	4680 	4500 	1620 	1620 	1440 	1620 	1670 	1620 	1440 	1620 	1620 	1440 	1620 	1440 	18770 	: 	: 	: 	: 	: 	: 	: 	: 	: 	: 	: 	: 	: 	: 	: 	: 	: 
SEAT,ST_PAS_ARR,MK_LWSK_RS_LYBE	9664 	7196 	4724 	4460 	2436 	2768 	2524 	2324 	2348 	7418 	14273 	10033 	5997 	2482 	2114 	2822 	3962 	5141 	5170 	4598 	2588 	2847 	2432 	1686 	1879 	37721 	7026 	13275 	8118 	6596 	2352 	2172 	2502 	3621 	4938 	4716 	3610 	2326 	2182 	2222 	2170 	2204 	35015 
SEAT,ST_PAS_ARR,MK_LWSK_SE_ESGG	7020 	6840 	2882 	2340 	2340 	2340 	2340 	2160 	2340 	7200 	7190 	7020 	5220 	2520 	2340 	2340 	2340 	2430 	2420 	2340 	2340 	2340 	1800 	1440 	1980 	26630 	7560 	9540 	7020 	5400 	2340 	2340 	2880 	3060 	3240 	3240 	2340 	2340 	2340 	1980 	1440 	1980 	29520 
SEAT,ST_PAS_ARR,MK_LWSK_SE_ESKN	: 	: 	: 	: 	: 	: 	: 	: 	: 	4500 	4800 	4680 	4680 	1440 	1440 	1620 	1440 	1670 	1690 	1620 	1620 	1440 	1620 	1620 	1440 	18660 	4500 	4680 	4680 	4680 	1260 	1620 	1620 	1440 	1620 	1620 	1620 	1620 	1440 	1620 	1440 	1620 	18540 
SEAT,ST_PAS_ARR,MK_LWSK_SE_ESMS	11700 	9540 	5026 	3780 	3960 	3960 	3240 	2880 	3420 	11520 	11820 	11700 	10620 	3780 	3780 	3960 	3960 	4010 	3850 	3960 	3960 	3780 	3600 	3060 	3960 	45660 	13500 	16560 	11880 	9360 	3600 	4500 	5400 	5400 	5580 	5580 	3960 	3960 	3960 	3600 	2700 	3060 	51300 
SEAT,ST_PAS_ARR,MK_LWSK_SI_LJLJ	13222 	7982 	4582 	4331 	4587 	4304 	3191 	2208 	2583 	7565 	8337 	7879 	7851 	2414 	2532 	2619 	2689 	3045 	2603 	2403 	2878 	2598 	2721 	2478 	2652 	31632 	7869 	8432 	8192 	6618 	2482 	2626 	2761 	2790 	2852 	2790 	2588 	2854 	2750 	2465 	1943 	2210 	31111 
SEAT,ST_PAS_ARR,MK_LWSK_SK_LZIB	4680 	4680 	2520 	1620 	1620 	1440 	1800 	1260 	1620 	4500 	4930 	4680 	360 	1440 	1440 	1620 	1620 	1620 	1690 	1440 	1620 	1620 	360 	0 	0 	14470 	: 	: 	: 	: 	: 	: 	: 	: 	: 	: 	: 	: 	: 	: 	: 	: 	: 
SEAT,ST_PAS_ARR,MK_LWSK_TR_LTAI	: 	: 	: 	: 	: 	: 	: 	: 	: 	: 	10852 	2186 	: 	: 	: 	: 	2516 	4365 	3971 	1952 	234 	: 	: 	: 	: 	13038 	: 	12324 	1701 	0 	: 	: 	: 	3058 	5171 	4095 	1701 	: 	: 	0 	: 	: 	14025 
SEAT,ST_PAS_ARR,MK_LWSK_TR_LTBA	29634 	24712 	10070 	9585 	10172 	9877 	9373 	7734 	7605 	27374 	28652 	27461 	22827 	8964 	8932 	9478 	9592 	9481 	9579 	8804 	9580 	9077 	8569 	7976 	6282 	106314 	22785 	26582 	25235 	23241 	6641 	7679 	8465 	8798 	8917 	8867 	8288 	8651 	8296 	8521 	6561 	8159 	97843 
SEAT,ST_PAS_ARR,MK_LWSK_TR_LTFJ	12070 	11844 	4089 	4234 	3960 	3876 	4314 	3387 	4143 	12192 	12348 	12192 	9780 	4323 	3735 	4134 	4113 	4110 	4125 	3912 	4311 	3969 	3504 	2958 	3318 	46512 	9363 	13136 	12426 	7341 	3177 	2427 	3759 	4108 	4713 	4315 	4602 	4107 	3717 	2706 	2253 	2382 	42266 
SEAT,ST_PAS_ARR,MK_LWSK_UK_EGGW	11700 	7560 	3960 	3780 	3960 	3960 	2700 	2160 	2700 	9360 	11360 	9720 	9720 	3420 	2520 	3420 	3420 	3960 	3980 	3420 	3240 	3060 	3420 	2880 	3420 	40160 	9540 	11880 	11700 	8640 	2880 	2880 	3780 	3960 	3960 	3960 	3780 	3960 	3960 	3240 	2700 	2700 	41760 
SEAT,ST_PAS_DEP,MK_LWSK_AE_OMDB	: 	: 	: 	: 	: 	: 	: 	: 	: 	4839 	4809 	4809 	4619 	1686 	1497 	1656 	1656 	1656 	1497 	1656 	1671 	1482 	1656 	1656 	1307 	19076 	4968 	6684 	6132 	4998 	1641 	1671 	1656 	1656 	2601 	2427 	2427 	2049 	1656 	1671 	1482 	1845 	22782 
SEAT,ST_PAS_DEP,MK_LWSK_AT_LOWW	24814 	17248 	10045 	8892 	8358 	7564 	7489 	4312 	5447 	17735 	24637 	20521 	13892 	5441 	5463 	6831 	7357 	8680 	8600 	7344 	6872 	6305 	5162 	4318 	4412 	76785 	15501 	23763 	18683 	13195 	4372 	5472 	5657 	7145 	8290 	8328 	6422 	6326 	5935 	4889 	4077 	4229 	71142 
SEAT,ST_PAS_DEP,MK_LWSK_BE_EBCI	4680 	4680 	1840 	1620 	1620 	1440 	1620 	1440 	1620 	4680 	4780 	4680 	4680 	1440 	1440 	1800 	1440 	1670 	1670 	1440 	1620 	1620 	1440 	1620 	1620 	18820 	4500 	4680 	4680 	4500 	1260 	1620 	1620 	1440 	1620 	1620 	1620 	1620 	1440 	1620 	1440 	1440 	18360 
SEAT,ST_PAS_DEP,MK_LWSK_CH_LSZH	22018 	18929 	9642 	6467 	7188 	8363 	6502 	5160 	7267 	22149 	28521 	21986 	22063 	7403 	6680 	8066 	7827 	10585 	10109 	6965 	7647 	7374 	7209 	6882 	7972 	94719 	24695 	26558 	19288 	11678 	9518 	6922 	8255 	8064 	9832 	8662 	6084 	7026 	6178 	3892 	3424 	4362 	82219 
SEAT,ST_PAS_DEP,MK_LWSK_DE_EDDB	7020 	4500 	2380 	2340 	2340 	2340 	1620 	1440 	1440 	4860 	4800 	4680 	540 	1620 	1440 	1800 	1440 	1670 	1690 	1440 	1620 	1620 	540 	: 	: 	14880 	: 	: 	: 	: 	: 	: 	: 	: 	: 	: 	: 	: 	: 	: 	: 	: 	: 
SEAT,ST_PAS_DEP,MK_LWSK_DE_EDDH	4680 	4500 	1680 	1440 	1620 	1620 	1440 	1440 	1620 	4320 	4910 	3780 	: 	1260 	1620 	1440 	1620 	1670 	1620 	1440 	1620 	720 	: 	: 	: 	13010 	: 	: 	: 	: 	: 	: 	: 	: 	: 	: 	: 	: 	: 	: 	: 	: 	: 
SEAT,ST_PAS_DEP,MK_LWSK_DE_EDDK	7020 	5040 	2390 	2340 	2340 	2340 	1620 	1440 	1980 	6840 	7230 	7020 	5220 	2520 	2160 	2160 	2340 	2520 	2370 	2340 	2340 	2340 	1980 	1440 	1800 	26310 	5580 	7020 	4860 	4680 	1800 	1440 	2340 	2340 	2340 	2340 	1620 	1620 	1620 	1620 	1440 	1620 	22140 
SEAT,ST_PAS_DEP,MK_LWSK_DE_EDDN	: 	: 	: 	: 	: 	: 	: 	: 	: 	4680 	4750 	4680 	4680 	1620 	1440 	1620 	1620 	1440 	1690 	1620 	1620 	1440 	1620 	1440 	1620 	18790 	: 	: 	: 	: 	: 	: 	: 	: 	: 	: 	: 	: 	: 	: 	: 	: 	: 
SEAT,ST_PAS_DEP,MK_LWSK_DE_EDFH	7020 	4860 	2340 	2340 	2340 	2340 	1620 	1440 	1800 	5220 	6780 	5040 	5220 	1980 	1440 	1800 	1980 	2380 	2420 	1800 	1620 	1620 	1980 	1440 	1800 	22260 	4500 	6660 	4680 	4500 	1440 	1440 	1620 	1980 	2340 	2340 	1620 	1620 	1440 	1620 	1440 	1440 	20340 
SEAT,ST_PAS_DEP,MK_LWSK_DE_EDJA	4680 	6300 	2092 	1620 	1440 	1620 	1800 	2160 	2340 	7200 	7190 	7020 	7020 	2520 	2340 	2340 	2340 	2430 	2420 	2340 	2340 	2340 	2520 	2160 	2340 	28430 	7200 	7020 	7020 	7020 	2520 	2160 	2520 	2340 	2340 	2340 	2340 	2340 	2340 	2340 	2160 	2520 	28260 
SEAT,ST_PAS_DEP,MK_LWSK_DE_EDLW	7020 	6840 	2420 	2340 	2340 	2340 	2340 	2160 	2340 	6660 	7280 	7020 	7020 	2160 	2160 	2340 	2340 	2520 	2420 	2340 	2340 	2340 	2520 	2160 	2340 	27980 	6660 	7020 	7020 	6840 	1980 	2160 	2520 	2340 	2340 	2340 	2340 	2340 	2340 	2340 	2160 	2340 	27540 
SEAT,ST_PAS_DEP,MK_LWSK_DE_EDNY	4680 	4500 	1880 	1440 	1620 	1620 	1620 	1260 	1620 	4500 	4800 	4680 	4860 	1260 	1620 	1620 	1440 	1670 	1690 	1620 	1620 	1440 	1620 	1620 	1620 	18840 	: 	: 	: 	: 	: 	: 	: 	: 	: 	: 	: 	: 	: 	: 	: 	: 	: 
SEAT,ST_PAS_DEP,MK_LWSK_DK_EKCH	4680 	4680 	1922 	1620 	1620 	1440 	1620 	1440 	1620 	4320 	4800 	4829 	540 	1260 	1620 	1440 	1440 	1670 	1690 	1769 	1620 	1440 	540 	: 	: 	14489 	: 	: 	: 	: 	: 	: 	: 	: 	: 	: 	: 	: 	: 	: 	: 	: 	: 
SEAT,ST_PAS_DEP,MK_LWSK_ES_LEBL	: 	: 	: 	: 	: 	: 	: 	: 	: 	4320 	4860 	4680 	4680 	1260 	1440 	1620 	1620 	1620 	1620 	1440 	1620 	1620 	1620 	1440 	1620 	18540 	: 	: 	: 	: 	: 	: 	: 	: 	: 	: 	: 	: 	: 	: 	: 	: 	: 
SEAT,ST_PAS_DEP,MK_LWSK_FR_LFOB	: 	: 	: 	: 	: 	: 	: 	: 	: 	4500 	4910 	4680 	4680 	1260 	1620 	1620 	1620 	1620 	1670 	1440 	1620 	1620 	1620 	1440 	1620 	18770 	4500 	6660 	4680 	4680 	1440 	1440 	1620 	1980 	2340 	2340 	1620 	1620 	1440 	1620 	1440 	1620 	20520 
SEAT,ST_PAS_DEP,MK_LWSK_FR_LFSB	11700 	11816 	5160 	3780 	3960 	3960 	3960 	3420 	4436 	11848 	13317 	11700 	10080 	3928 	3960 	3960 	3780 	4330 	5207 	3960 	3960 	3780 	3600 	3060 	3420 	46945 	11345 	11700 	11700 	9720 	3425 	3960 	3960 	3780 	3960 	3960 	3780 	3960 	3960 	3420 	2880 	3420 	44465 
SEAT,ST_PAS_DEP,MK_LWSK_HR_LDZA	11036 	7328 	3828 	3860 	3512 	3664 	2960 	2052 	2316 	9177 	12322 	11999 	7384 	2600 	2596 	3981 	4116 	4060 	4146 	4073 	4054 	3872 	2722 	2220 	2442 	40882 	8702 	11792 	11729 	7974 	2458 	3028 	3216 	3704 	3948 	4140 	3681 	3948 	4100 	3022 	2296 	2656 	40197 
SEAT,ST_PAS_DEP,MK_LWSK_IT_LIME	: 	: 	: 	: 	: 	: 	: 	: 	: 	4500 	4506 	4680 	4860 	1260 	1620 	1620 	1440 	1620 	1446 	1440 	1620 	1620 	1620 	1440 	1800 	18546 	5040 	6660 	4680 	4680 	1980 	1440 	1620 	1980 	2340 	2340 	1620 	1620 	1440 	1620 	1440 	1620 	21060 
SEAT,ST_PAS_DEP,MK_LWSK_IT_LIPH	: 	: 	: 	: 	: 	: 	: 	: 	: 	4680 	4930 	4680 	4500 	1620 	1620 	1440 	1620 	1620 	1690 	1440 	1620 	1620 	1440 	1440 	1620 	18790 	4680 	4860 	4680 	4680 	1620 	1620 	1440 	1620 	1620 	1620 	1440 	1620 	1620 	1620 	1440 	1620 	18900 
SEAT,ST_PAS_DEP,MK_LWSK_IT_LIRF	: 	: 	: 	: 	: 	: 	: 	: 	: 	5715 	8094 	8169 	6900 	: 	2740 	2975 	2614 	2816 	2664 	2552 	2816 	2801 	2388 	2200 	2312 	28878 	7022 	8427 	8092 	6460 	2200 	2124 	2698 	2740 	2939 	2748 	2700 	2828 	2564 	2388 	1872 	2200 	30001 
SEAT,ST_PAS_DEP,MK_LWSK_NL_EHEH	: 	: 	: 	: 	: 	: 	: 	: 	: 	4500 	4730 	3960 	4680 	1440 	1440 	1620 	1620 	1440 	1670 	900 	1620 	1440 	1620 	1440 	1620 	17870 	4320 	4860 	4680 	4500 	1260 	1620 	1440 	1620 	1620 	1620 	1440 	1620 	1620 	1620 	1440 	1440 	18360 
SEAT,ST_PAS_DEP,MK_LWSK_NO_ENTO	: 	: 	: 	: 	: 	: 	: 	: 	: 	4680 	4910 	4680 	4500 	1620 	1620 	1440 	1620 	1670 	1620 	1440 	1620 	1620 	1440 	1620 	1440 	18770 	: 	: 	: 	: 	: 	: 	: 	: 	: 	: 	: 	: 	: 	: 	: 	: 	: 
SEAT,ST_PAS_DEP,MK_LWSK_RS_LYBE	9590 	7196 	4724 	4386 	2436 	2768 	2524 	2324 	2348 	7490 	14343 	9891 	5997 	2482 	2256 	2752 	4032 	5141 	5170 	4456 	2588 	2847 	2432 	1686 	1879 	37721 	6956 	13345 	8048 	6596 	2352 	2172 	2432 	3691 	4938 	4716 	3540 	2326 	2182 	2222 	2170 	2204 	34945 
SEAT,ST_PAS_DEP,MK_LWSK_SE_ESGG	7020 	6840 	2882 	2340 	2340 	2340 	2340 	2160 	2340 	7200 	7190 	7020 	5220 	2520 	2340 	2340 	2340 	2430 	2420 	2340 	2340 	2340 	1800 	1440 	1980 	26630 	7560 	9540 	7020 	5400 	2340 	2340 	2880 	3060 	3240 	3240 	2340 	2340 	2340 	1980 	1440 	1980 	29520 
SEAT,ST_PAS_DEP,MK_LWSK_SE_ESKN	: 	: 	: 	: 	: 	: 	: 	: 	: 	4500 	4800 	4680 	4680 	1440 	1440 	1620 	1440 	1670 	1690 	1620 	1620 	1440 	1620 	1620 	1440 	18660 	4500 	4680 	4680 	4680 	1260 	1620 	1620 	1440 	1620 	1620 	1620 	1620 	1440 	1620 	1440 	1620 	18540 
SEAT,ST_PAS_DEP,MK_LWSK_SE_ESMS	11520 	9360 	5026 	3780 	3960 	3780 	3060 	2880 	3420 	11520 	11820 	11700 	10575 	3780 	3780 	3960 	3960 	4010 	3850 	3960 	3960 	3780 	3600 	3060 	3915 	45615 	14040 	16560 	11880 	9720 	3960 	4680 	5400 	5400 	5580 	5580 	3960 	3960 	3960 	3600 	2880 	3240 	52200 
SEAT,ST_PAS_DEP,MK_LWSK_SI_LJLJ	13265 	7910 	4582 	4237 	4724 	4304 	3119 	2208 	2583 	7599 	8251 	7879 	7899 	2414 	2566 	2619 	2775 	2873 	2603 	2403 	2878 	2598 	2721 	2478 	2700 	31628 	7799 	8432 	8192 	6790 	2482 	2626 	2691 	2790 	2852 	2790 	2588 	2854 	2750 	2465 	2115 	2210 	31213 
SEAT,ST_PAS_DEP,MK_LWSK_SK_LZIB	4680 	4680 	2520 	1620 	1620 	1440 	1800 	1260 	1620 	4500 	4930 	4680 	0 	1440 	1440 	1620 	1620 	1620 	1690 	1440 	1620 	1620 	: 	0 	0 	14110 	: 	: 	: 	: 	: 	: 	: 	: 	: 	: 	: 	: 	: 	: 	: 	: 	: 
SEAT,ST_PAS_DEP,MK_LWSK_TR_LTAI	: 	: 	: 	: 	: 	: 	: 	: 	: 	: 	10964 	2296 	: 	: 	: 	: 	2816 	4177 	3971 	1952 	344 	: 	: 	: 	: 	13260 	: 	12324 	2660 	105 	: 	: 	: 	3058 	5171 	4095 	2660 	: 	: 	: 	105 	: 	15089 
SEAT,ST_PAS_DEP,MK_LWSK_TR_LTBA	29685 	24559 	10070 	9585 	10172 	9928 	9220 	7734 	7605 	27374 	28464 	27281 	23415 	8964 	8932 	9478 	9592 	9481 	9391 	8804 	9580 	8897 	8569 	7976 	6870 	106534 	22973 	26582 	25235 	23421 	6829 	7679 	8465 	8798 	8917 	8867 	8288 	8651 	8296 	8389 	6873 	8159 	98211 
SEAT,ST_PAS_DEP,MK_LWSK_TR_LTFJ	11892 	11469 	4089 	4056 	3960 	3876 	4314 	3387 	3768 	12192 	12780 	12192 	9780 	4323 	3735 	4134 	4545 	4110 	4125 	3912 	4311 	3969 	3504 	2958 	3318 	46944 	9363 	12548 	12237 	7341 	3177 	2427 	3759 	4108 	4125 	4315 	4413 	4107 	3717 	2706 	2205 	2430 	41489 
SEAT,ST_PAS_DEP,MK_LWSK_UK_EGGW	11700 	7560 	3960 	3780 	3960 	3960 	2700 	2160 	2700 	9900 	11360 	9720 	9900 	3420 	3060 	3420 	3420 	3960 	3980 	3420 	3240 	3060 	3600 	2880 	3420 	40880 	9900 	11880 	11700 	8640 	3060 	3060 	3780 	3960 	3960 	3960 	3780 	3960 	3960 	3240 	2700 	2700 	42120 
